Copyright 1986-2022 Xilinx, Inc. All Rights Reserved. Copyright 2022-2025 Advanced Micro Devices, Inc. All Rights Reserved.
------------------------------------------------------------------------------------------------------------------------------------------------------------------------------------------------------------------------------------------------------------
| Tool Version : Vivado v.2025.2 (win64) Build 6299465 Fri Nov 14 19:35:11 GMT 2025
| Date         : Sat Jul  4 14:51:57 2026
| Host         : Kishan running 64-bit major release  (build 9200)
| Command      : report_timing_summary -max_paths 10 -routable_nets -report_unconstrained -file design_1_wrapper_timing_summary_routed.rpt -pb design_1_wrapper_timing_summary_routed.pb -rpx design_1_wrapper_timing_summary_routed.rpx -warn_on_violation
| Design       : design_1_wrapper
| Device       : 7z020-clg400
| Speed File   : -1  PRODUCTION 1.12 2019-11-22
| Design State : Routed
------------------------------------------------------------------------------------------------------------------------------------------------------------------------------------------------------------------------------------------------------------

Timing Summary Report

------------------------------------------------------------------------------------------------
| Timer Settings
| --------------
------------------------------------------------------------------------------------------------

  Enable Multi Corner Analysis               :  Yes
  Enable Pessimism Removal                   :  Yes
  Pessimism Removal Resolution               :  Nearest Common Node
  Enable Input Delay Default Clock           :  No
  Enable Preset / Clear Arcs                 :  No
  Disable Flight Delays                      :  No
  Ignore I/O Paths                           :  No
  Timing Early Launch at Borrowing Latches   :  No
  Borrow Time for Max Delay Exceptions       :  Yes
  Merge Timing Exceptions                    :  Yes
  Inter-SLR Compensation                     :  Conservative

  Corner  Analyze    Analyze    
  Name    Max Paths  Min Paths  
  ------  ---------  ---------  
  Slow    Yes        Yes        
  Fast    Yes        Yes        


------------------------------------------------------------------------------------------------
| Report Methodology
| ------------------
------------------------------------------------------------------------------------------------

Rule       Severity  Description                    Violations  
---------  --------  -----------------------------  ----------  
TIMING-18  Warning   Missing input or output delay  12          

Note: This report is based on the most recent report_methodology run and may not be up-to-date. Run report_methodology on the current design for the latest report.



check_timing report

Table of Contents
-----------------
1. checking no_clock (0)
2. checking constant_clock (0)
3. checking pulse_width_clock (0)
4. checking unconstrained_internal_endpoints (0)
5. checking no_input_delay (8)
6. checking no_output_delay (4)
7. checking multiple_clock (0)
8. checking generated_clocks (0)
9. checking loops (0)
10. checking partial_input_delay (0)
11. checking partial_output_delay (0)
12. checking latch_loops (0)

1. checking no_clock (0)
------------------------
 There are 0 register/latch pins with no clock.


2. checking constant_clock (0)
------------------------------
 There are 0 register/latch pins with constant_clock.


3. checking pulse_width_clock (0)
---------------------------------
 There are 0 register/latch pins which need pulse_width check


4. checking unconstrained_internal_endpoints (0)
------------------------------------------------
 There are 0 pins that are not constrained for maximum delay.

 There are 0 pins that are not constrained for maximum delay due to constant clock.


5. checking no_input_delay (8)
------------------------------
 There are 8 input ports with no input delay specified. (HIGH)

 There are 0 input ports with no input delay but user has a false path constraint.


6. checking no_output_delay (4)
-------------------------------
 There are 4 ports with no output delay specified. (HIGH)

 There are 0 ports with no output delay but user has a false path constraint

 There are 0 ports with no output delay but with a timing clock defined on it or propagating through it


7. checking multiple_clock (0)
------------------------------
 There are 0 register/latch pins with multiple clocks.


8. checking generated_clocks (0)
--------------------------------
 There are 0 generated clocks that are not connected to a clock source.


9. checking loops (0)
---------------------
 There are 0 combinational loops in the design.


10. checking partial_input_delay (0)
------------------------------------
 There are 0 input ports with partial input delay specified.


11. checking partial_output_delay (0)
-------------------------------------
 There are 0 ports with partial output delay specified.


12. checking latch_loops (0)
----------------------------
 There are 0 combinational latch loops in the design through latch input



------------------------------------------------------------------------------------------------
| Design Timing Summary
| ---------------------
------------------------------------------------------------------------------------------------

    WNS(ns)      TNS(ns)  TNS Failing Endpoints  TNS Total Endpoints      WHS(ns)      THS(ns)  THS Failing Endpoints  THS Total Endpoints     WPWS(ns)     TPWS(ns)  TPWS Failing Endpoints  TPWS Total Endpoints  
    -------      -------  ---------------------  -------------------      -------      -------  ---------------------  -------------------     --------     --------  ----------------------  --------------------  
      3.132        0.000                      0                 1362        0.046        0.000                      0                 1362        4.020        0.000                       0                   654  


All user specified timing constraints are met.


------------------------------------------------------------------------------------------------
| Clock Summary
| -------------
------------------------------------------------------------------------------------------------

Clock       Waveform(ns)       Period(ns)      Frequency(MHz)
-----       ------------       ----------      --------------
clk_fpga_0  {0.000 5.000}      10.000          100.000         


------------------------------------------------------------------------------------------------
| Intra Clock Table
| -----------------
------------------------------------------------------------------------------------------------

Clock             WNS(ns)      TNS(ns)  TNS Failing Endpoints  TNS Total Endpoints      WHS(ns)      THS(ns)  THS Failing Endpoints  THS Total Endpoints     WPWS(ns)     TPWS(ns)  TPWS Failing Endpoints  TPWS Total Endpoints  
-----             -------      -------  ---------------------  -------------------      -------      -------  ---------------------  -------------------     --------     --------  ----------------------  --------------------  
clk_fpga_0          3.132        0.000                      0                 1362        0.046        0.000                      0                 1362        4.020        0.000                       0                   654  


------------------------------------------------------------------------------------------------
| Inter Clock Table
| -----------------
------------------------------------------------------------------------------------------------

From Clock    To Clock          WNS(ns)      TNS(ns)  TNS Failing Endpoints  TNS Total Endpoints      WHS(ns)      THS(ns)  THS Failing Endpoints  THS Total Endpoints  
----------    --------          -------      -------  ---------------------  -------------------      -------      -------  ---------------------  -------------------  


------------------------------------------------------------------------------------------------
| Other Path Groups Table
| -----------------------
------------------------------------------------------------------------------------------------

Path Group    From Clock    To Clock          WNS(ns)      TNS(ns)  TNS Failing Endpoints  TNS Total Endpoints      WHS(ns)      THS(ns)  THS Failing Endpoints  THS Total Endpoints  
----------    ----------    --------          -------      -------  ---------------------  -------------------      -------      -------  ---------------------  -------------------  


------------------------------------------------------------------------------------------------
| User Ignored Path Table
| -----------------------
------------------------------------------------------------------------------------------------

Path Group    From Clock    To Clock    
----------    ----------    --------    
(none)                      clk_fpga_0    
(none)        clk_fpga_0    clk_fpga_0    


------------------------------------------------------------------------------------------------
| Unconstrained Path Table
| ------------------------
------------------------------------------------------------------------------------------------

Path Group    From Clock    To Clock    
----------    ----------    --------    
(none)        clk_fpga_0                  


------------------------------------------------------------------------------------------------
| Timing Details
| --------------
------------------------------------------------------------------------------------------------


---------------------------------------------------------------------------------------------------
From Clock:  clk_fpga_0
  To Clock:  clk_fpga_0

Setup :            0  Failing Endpoints,  Worst Slack        3.132ns,  Total Violation        0.000ns
Hold  :            0  Failing Endpoints,  Worst Slack        0.046ns,  Total Violation        0.000ns
PW    :            0  Failing Endpoints,  Worst Slack        4.020ns,  Total Violation        0.000ns
---------------------------------------------------------------------------------------------------


Max Delay Paths
--------------------------------------------------------------------------------------
Slack (MET) :             3.132ns  (required time - arrival time)
  Source:                 design_1_i/axi_smc/inst/s00_entry_pipeline/s00_mmu/inst/aw_reg_stall/m_vector_i_reg[1027]/C
                            (rising edge-triggered cell FDRE clocked by clk_fpga_0  {rise@0.000ns fall@5.000ns period=10.000ns})
  Destination:            design_1_i/axi_smc/inst/s00_entry_pipeline/s00_si_converter/inst/gen_axilite_conv.axilite_conv_inst/aw_addr_reg[2]/D
                            (rising edge-triggered cell FDRE clocked by clk_fpga_0  {rise@0.000ns fall@5.000ns period=10.000ns})
  Path Group:             clk_fpga_0
  Path Type:              Setup (Max at Slow Process Corner)
  Requirement:            10.000ns  (clk_fpga_0 rise@10.000ns - clk_fpga_0 rise@0.000ns)
  Data Path Delay:        6.685ns  (logic 2.315ns (34.629%)  route 4.370ns (65.371%))
  Logic Levels:           7  (CARRY4=1 LUT2=1 LUT4=3 LUT5=1 LUT6=1)
  Clock Path Skew:        -0.106ns (DCD - SCD + CPR)
    Destination Clock Delay (DCD):    2.659ns = ( 12.659 - 10.000 ) 
    Source Clock Delay      (SCD):    2.994ns
    Clock Pessimism Removal (CPR):    0.229ns
  Clock Uncertainty:      0.154ns  ((TSJ^2 + TIJ^2)^1/2 + DJ) / 2 + PE
    Total System Jitter     (TSJ):    0.071ns
    Total Input Jitter      (TIJ):    0.300ns
    Discrete Jitter          (DJ):    0.000ns
    Phase Error              (PE):    0.000ns

    Location             Delay type                Incr(ns)  Path(ns)    Netlist Resource(s)
  -------------------------------------------------------------------    -------------------
                         (clock clk_fpga_0 rise edge)
                                                      0.000     0.000 r  
    PS7_X0Y0             PS7                          0.000     0.000 r  design_1_i/processing_system7_0/inst/PS7_i/FCLKCLK[0]
                         net (fo=1, routed)           1.193     1.193    design_1_i/processing_system7_0/inst/FCLK_CLK_unbuffered[0]
    BUFGCTRL_X0Y16       BUFG (Prop_bufg_I_O)         0.101     1.294 r  design_1_i/processing_system7_0/inst/buffer_fclk_clk_0.FCLK_CLK_0_BUFG/O
                         net (fo=654, routed)         1.700     2.994    design_1_i/axi_smc/inst/s00_entry_pipeline/s00_mmu/inst/aw_reg_stall/aclk
    SLICE_X30Y97         FDRE                                         r  design_1_i/axi_smc/inst/s00_entry_pipeline/s00_mmu/inst/aw_reg_stall/m_vector_i_reg[1027]/C
  -------------------------------------------------------------------    -------------------
    SLICE_X30Y97         FDRE (Prop_fdre_C_Q)         0.518     3.512 f  design_1_i/axi_smc/inst/s00_entry_pipeline/s00_mmu/inst/aw_reg_stall/m_vector_i_reg[1027]/Q
                         net (fo=20, routed)          0.759     4.271    design_1_i/axi_smc/inst/s00_entry_pipeline/s00_si_converter/inst/gen_axilite_conv.axilite_conv_inst/s_axi_awsize[1]
    SLICE_X31Y95         LUT2 (Prop_lut2_I0_O)        0.150     4.421 f  design_1_i/axi_smc/inst/s00_entry_pipeline/s00_si_converter/inst/gen_axilite_conv.axilite_conv_inst/aw_addr[5]_i_3/O
                         net (fo=2, routed)           0.819     5.240    design_1_i/axi_smc/inst/s00_entry_pipeline/s00_si_converter/inst/gen_axilite_conv.axilite_conv_inst/aw_addr[5]_i_3_n_0
    SLICE_X31Y96         LUT4 (Prop_lut4_I1_O)        0.326     5.566 r  design_1_i/axi_smc/inst/s00_entry_pipeline/s00_si_converter/inst/gen_axilite_conv.axilite_conv_inst/aw_addr[4]_i_2/O
                         net (fo=3, routed)           0.629     6.195    design_1_i/axi_smc/inst/s00_entry_pipeline/s00_si_converter/inst/gen_axilite_conv.axilite_conv_inst/wrap_awaddr[4]
    SLICE_X32Y96         CARRY4 (Prop_carry4_DI[0]_O[3])
                                                      0.642     6.837 f  design_1_i/axi_smc/inst/s00_entry_pipeline/s00_si_converter/inst/gen_axilite_conv.axilite_conv_inst/aw_addr_reg[8]_i_22/O[3]
                         net (fo=2, routed)           0.605     7.442    design_1_i/axi_smc/inst/s00_entry_pipeline/s00_si_converter/inst/gen_axilite_conv.axilite_conv_inst/wrap_awaddr_limit[7]
    SLICE_X34Y97         LUT4 (Prop_lut4_I2_O)        0.307     7.749 r  design_1_i/axi_smc/inst/s00_entry_pipeline/s00_si_converter/inst/gen_axilite_conv.axilite_conv_inst/aw_addr[8]_i_21/O
                         net (fo=1, routed)           0.423     8.172    design_1_i/axi_smc/inst/s00_entry_pipeline/s00_si_converter/inst/gen_axilite_conv.axilite_conv_inst/aw_addr[8]_i_21_n_0
    SLICE_X34Y96         LUT6 (Prop_lut6_I1_O)        0.124     8.296 r  design_1_i/axi_smc/inst/s00_entry_pipeline/s00_si_converter/inst/gen_axilite_conv.axilite_conv_inst/aw_addr[8]_i_14/O
                         net (fo=1, routed)           0.574     8.870    design_1_i/axi_smc/inst/s00_entry_pipeline/s00_si_converter/inst/gen_axilite_conv.axilite_conv_inst/aw_addr[8]_i_14_n_0
    SLICE_X35Y97         LUT4 (Prop_lut4_I1_O)        0.124     8.994 r  design_1_i/axi_smc/inst/s00_entry_pipeline/s00_si_converter/inst/gen_axilite_conv.axilite_conv_inst/aw_addr[8]_i_8/O
                         net (fo=12, routed)          0.561     9.555    design_1_i/axi_smc/inst/s00_entry_pipeline/s00_si_converter/inst/gen_axilite_conv.axilite_conv_inst/aw_addr[8]_i_8_n_0
    SLICE_X34Y95         LUT5 (Prop_lut5_I0_O)        0.124     9.679 r  design_1_i/axi_smc/inst/s00_entry_pipeline/s00_si_converter/inst/gen_axilite_conv.axilite_conv_inst/aw_addr[2]_i_1/O
                         net (fo=1, routed)           0.000     9.679    design_1_i/axi_smc/inst/s00_entry_pipeline/s00_si_converter/inst/gen_axilite_conv.axilite_conv_inst/aw_addr[2]
    SLICE_X34Y95         FDRE                                         r  design_1_i/axi_smc/inst/s00_entry_pipeline/s00_si_converter/inst/gen_axilite_conv.axilite_conv_inst/aw_addr_reg[2]/D
  -------------------------------------------------------------------    -------------------

                         (clock clk_fpga_0 rise edge)
                                                     10.000    10.000 r  
    PS7_X0Y0             PS7                          0.000    10.000 r  design_1_i/processing_system7_0/inst/PS7_i/FCLKCLK[0]
                         net (fo=1, routed)           1.088    11.088    design_1_i/processing_system7_0/inst/FCLK_CLK_unbuffered[0]
    BUFGCTRL_X0Y16       BUFG (Prop_bufg_I_O)         0.091    11.179 r  design_1_i/processing_system7_0/inst/buffer_fclk_clk_0.FCLK_CLK_0_BUFG/O
                         net (fo=654, routed)         1.480    12.659    design_1_i/axi_smc/inst/s00_entry_pipeline/s00_si_converter/inst/gen_axilite_conv.axilite_conv_inst/aclk
    SLICE_X34Y95         FDRE                                         r  design_1_i/axi_smc/inst/s00_entry_pipeline/s00_si_converter/inst/gen_axilite_conv.axilite_conv_inst/aw_addr_reg[2]/C
                         clock pessimism              0.229    12.888    
                         clock uncertainty           -0.154    12.734    
    SLICE_X34Y95         FDRE (Setup_fdre_C_D)        0.077    12.811    design_1_i/axi_smc/inst/s00_entry_pipeline/s00_si_converter/inst/gen_axilite_conv.axilite_conv_inst/aw_addr_reg[2]
  -------------------------------------------------------------------
                         required time                         12.811    
                         arrival time                          -9.679    
  -------------------------------------------------------------------
                         slack                                  3.132    

Slack (MET) :             3.139ns  (required time - arrival time)
  Source:                 design_1_i/axi_smc/inst/s00_entry_pipeline/s00_mmu/inst/aw_reg_stall/m_vector_i_reg[1027]/C
                            (rising edge-triggered cell FDRE clocked by clk_fpga_0  {rise@0.000ns fall@5.000ns period=10.000ns})
  Destination:            design_1_i/axi_smc/inst/s00_entry_pipeline/s00_si_converter/inst/gen_axilite_conv.axilite_conv_inst/aw_addr_reg[3]/D
                            (rising edge-triggered cell FDRE clocked by clk_fpga_0  {rise@0.000ns fall@5.000ns period=10.000ns})
  Path Group:             clk_fpga_0
  Path Type:              Setup (Max at Slow Process Corner)
  Requirement:            10.000ns  (clk_fpga_0 rise@10.000ns - clk_fpga_0 rise@0.000ns)
  Data Path Delay:        6.682ns  (logic 2.315ns (34.644%)  route 4.367ns (65.356%))
  Logic Levels:           7  (CARRY4=1 LUT2=1 LUT4=3 LUT5=1 LUT6=1)
  Clock Path Skew:        -0.106ns (DCD - SCD + CPR)
    Destination Clock Delay (DCD):    2.659ns = ( 12.659 - 10.000 ) 
    Source Clock Delay      (SCD):    2.994ns
    Clock Pessimism Removal (CPR):    0.229ns
  Clock Uncertainty:      0.154ns  ((TSJ^2 + TIJ^2)^1/2 + DJ) / 2 + PE
    Total System Jitter     (TSJ):    0.071ns
    Total Input Jitter      (TIJ):    0.300ns
    Discrete Jitter          (DJ):    0.000ns
    Phase Error              (PE):    0.000ns

    Location             Delay type                Incr(ns)  Path(ns)    Netlist Resource(s)
  -------------------------------------------------------------------    -------------------
                         (clock clk_fpga_0 rise edge)
                                                      0.000     0.000 r  
    PS7_X0Y0             PS7                          0.000     0.000 r  design_1_i/processing_system7_0/inst/PS7_i/FCLKCLK[0]
                         net (fo=1, routed)           1.193     1.193    design_1_i/processing_system7_0/inst/FCLK_CLK_unbuffered[0]
    BUFGCTRL_X0Y16       BUFG (Prop_bufg_I_O)         0.101     1.294 r  design_1_i/processing_system7_0/inst/buffer_fclk_clk_0.FCLK_CLK_0_BUFG/O
                         net (fo=654, routed)         1.700     2.994    design_1_i/axi_smc/inst/s00_entry_pipeline/s00_mmu/inst/aw_reg_stall/aclk
    SLICE_X30Y97         FDRE                                         r  design_1_i/axi_smc/inst/s00_entry_pipeline/s00_mmu/inst/aw_reg_stall/m_vector_i_reg[1027]/C
  -------------------------------------------------------------------    -------------------
    SLICE_X30Y97         FDRE (Prop_fdre_C_Q)         0.518     3.512 f  design_1_i/axi_smc/inst/s00_entry_pipeline/s00_mmu/inst/aw_reg_stall/m_vector_i_reg[1027]/Q
                         net (fo=20, routed)          0.759     4.271    design_1_i/axi_smc/inst/s00_entry_pipeline/s00_si_converter/inst/gen_axilite_conv.axilite_conv_inst/s_axi_awsize[1]
    SLICE_X31Y95         LUT2 (Prop_lut2_I0_O)        0.150     4.421 f  design_1_i/axi_smc/inst/s00_entry_pipeline/s00_si_converter/inst/gen_axilite_conv.axilite_conv_inst/aw_addr[5]_i_3/O
                         net (fo=2, routed)           0.819     5.240    design_1_i/axi_smc/inst/s00_entry_pipeline/s00_si_converter/inst/gen_axilite_conv.axilite_conv_inst/aw_addr[5]_i_3_n_0
    SLICE_X31Y96         LUT4 (Prop_lut4_I1_O)        0.326     5.566 r  design_1_i/axi_smc/inst/s00_entry_pipeline/s00_si_converter/inst/gen_axilite_conv.axilite_conv_inst/aw_addr[4]_i_2/O
                         net (fo=3, routed)           0.629     6.195    design_1_i/axi_smc/inst/s00_entry_pipeline/s00_si_converter/inst/gen_axilite_conv.axilite_conv_inst/wrap_awaddr[4]
    SLICE_X32Y96         CARRY4 (Prop_carry4_DI[0]_O[3])
                                                      0.642     6.837 f  design_1_i/axi_smc/inst/s00_entry_pipeline/s00_si_converter/inst/gen_axilite_conv.axilite_conv_inst/aw_addr_reg[8]_i_22/O[3]
                         net (fo=2, routed)           0.605     7.442    design_1_i/axi_smc/inst/s00_entry_pipeline/s00_si_converter/inst/gen_axilite_conv.axilite_conv_inst/wrap_awaddr_limit[7]
    SLICE_X34Y97         LUT4 (Prop_lut4_I2_O)        0.307     7.749 r  design_1_i/axi_smc/inst/s00_entry_pipeline/s00_si_converter/inst/gen_axilite_conv.axilite_conv_inst/aw_addr[8]_i_21/O
                         net (fo=1, routed)           0.423     8.172    design_1_i/axi_smc/inst/s00_entry_pipeline/s00_si_converter/inst/gen_axilite_conv.axilite_conv_inst/aw_addr[8]_i_21_n_0
    SLICE_X34Y96         LUT6 (Prop_lut6_I1_O)        0.124     8.296 r  design_1_i/axi_smc/inst/s00_entry_pipeline/s00_si_converter/inst/gen_axilite_conv.axilite_conv_inst/aw_addr[8]_i_14/O
                         net (fo=1, routed)           0.574     8.870    design_1_i/axi_smc/inst/s00_entry_pipeline/s00_si_converter/inst/gen_axilite_conv.axilite_conv_inst/aw_addr[8]_i_14_n_0
    SLICE_X35Y97         LUT4 (Prop_lut4_I1_O)        0.124     8.994 r  design_1_i/axi_smc/inst/s00_entry_pipeline/s00_si_converter/inst/gen_axilite_conv.axilite_conv_inst/aw_addr[8]_i_8/O
                         net (fo=12, routed)          0.558     9.552    design_1_i/axi_smc/inst/s00_entry_pipeline/s00_si_converter/inst/gen_axilite_conv.axilite_conv_inst/aw_addr[8]_i_8_n_0
    SLICE_X34Y95         LUT5 (Prop_lut5_I0_O)        0.124     9.676 r  design_1_i/axi_smc/inst/s00_entry_pipeline/s00_si_converter/inst/gen_axilite_conv.axilite_conv_inst/aw_addr[3]_i_1/O
                         net (fo=1, routed)           0.000     9.676    design_1_i/axi_smc/inst/s00_entry_pipeline/s00_si_converter/inst/gen_axilite_conv.axilite_conv_inst/aw_addr[3]
    SLICE_X34Y95         FDRE                                         r  design_1_i/axi_smc/inst/s00_entry_pipeline/s00_si_converter/inst/gen_axilite_conv.axilite_conv_inst/aw_addr_reg[3]/D
  -------------------------------------------------------------------    -------------------

                         (clock clk_fpga_0 rise edge)
                                                     10.000    10.000 r  
    PS7_X0Y0             PS7                          0.000    10.000 r  design_1_i/processing_system7_0/inst/PS7_i/FCLKCLK[0]
                         net (fo=1, routed)           1.088    11.088    design_1_i/processing_system7_0/inst/FCLK_CLK_unbuffered[0]
    BUFGCTRL_X0Y16       BUFG (Prop_bufg_I_O)         0.091    11.179 r  design_1_i/processing_system7_0/inst/buffer_fclk_clk_0.FCLK_CLK_0_BUFG/O
                         net (fo=654, routed)         1.480    12.659    design_1_i/axi_smc/inst/s00_entry_pipeline/s00_si_converter/inst/gen_axilite_conv.axilite_conv_inst/aclk
    SLICE_X34Y95         FDRE                                         r  design_1_i/axi_smc/inst/s00_entry_pipeline/s00_si_converter/inst/gen_axilite_conv.axilite_conv_inst/aw_addr_reg[3]/C
                         clock pessimism              0.229    12.888    
                         clock uncertainty           -0.154    12.734    
    SLICE_X34Y95         FDRE (Setup_fdre_C_D)        0.081    12.815    design_1_i/axi_smc/inst/s00_entry_pipeline/s00_si_converter/inst/gen_axilite_conv.axilite_conv_inst/aw_addr_reg[3]
  -------------------------------------------------------------------
                         required time                         12.815    
                         arrival time                          -9.676    
  -------------------------------------------------------------------
                         slack                                  3.139    

Slack (MET) :             3.151ns  (required time - arrival time)
  Source:                 design_1_i/axi_smc/inst/s00_entry_pipeline/s00_mmu/inst/aw_reg_stall/m_vector_i_reg[1027]/C
                            (rising edge-triggered cell FDRE clocked by clk_fpga_0  {rise@0.000ns fall@5.000ns period=10.000ns})
  Destination:            design_1_i/axi_smc/inst/s00_entry_pipeline/s00_si_converter/inst/gen_axilite_conv.axilite_conv_inst/aw_addr_reg[9]/D
                            (rising edge-triggered cell FDRE clocked by clk_fpga_0  {rise@0.000ns fall@5.000ns period=10.000ns})
  Path Group:             clk_fpga_0
  Path Type:              Setup (Max at Slow Process Corner)
  Requirement:            10.000ns  (clk_fpga_0 rise@10.000ns - clk_fpga_0 rise@0.000ns)
  Data Path Delay:        6.620ns  (logic 2.315ns (34.972%)  route 4.304ns (65.028%))
  Logic Levels:           7  (CARRY4=1 LUT2=1 LUT4=4 LUT6=1)
  Clock Path Skew:        -0.106ns (DCD - SCD + CPR)
    Destination Clock Delay (DCD):    2.659ns = ( 12.659 - 10.000 ) 
    Source Clock Delay      (SCD):    2.994ns
    Clock Pessimism Removal (CPR):    0.229ns
  Clock Uncertainty:      0.154ns  ((TSJ^2 + TIJ^2)^1/2 + DJ) / 2 + PE
    Total System Jitter     (TSJ):    0.071ns
    Total Input Jitter      (TIJ):    0.300ns
    Discrete Jitter          (DJ):    0.000ns
    Phase Error              (PE):    0.000ns

    Location             Delay type                Incr(ns)  Path(ns)    Netlist Resource(s)
  -------------------------------------------------------------------    -------------------
                         (clock clk_fpga_0 rise edge)
                                                      0.000     0.000 r  
    PS7_X0Y0             PS7                          0.000     0.000 r  design_1_i/processing_system7_0/inst/PS7_i/FCLKCLK[0]
                         net (fo=1, routed)           1.193     1.193    design_1_i/processing_system7_0/inst/FCLK_CLK_unbuffered[0]
    BUFGCTRL_X0Y16       BUFG (Prop_bufg_I_O)         0.101     1.294 r  design_1_i/processing_system7_0/inst/buffer_fclk_clk_0.FCLK_CLK_0_BUFG/O
                         net (fo=654, routed)         1.700     2.994    design_1_i/axi_smc/inst/s00_entry_pipeline/s00_mmu/inst/aw_reg_stall/aclk
    SLICE_X30Y97         FDRE                                         r  design_1_i/axi_smc/inst/s00_entry_pipeline/s00_mmu/inst/aw_reg_stall/m_vector_i_reg[1027]/C
  -------------------------------------------------------------------    -------------------
    SLICE_X30Y97         FDRE (Prop_fdre_C_Q)         0.518     3.512 f  design_1_i/axi_smc/inst/s00_entry_pipeline/s00_mmu/inst/aw_reg_stall/m_vector_i_reg[1027]/Q
                         net (fo=20, routed)          0.759     4.271    design_1_i/axi_smc/inst/s00_entry_pipeline/s00_si_converter/inst/gen_axilite_conv.axilite_conv_inst/s_axi_awsize[1]
    SLICE_X31Y95         LUT2 (Prop_lut2_I0_O)        0.150     4.421 f  design_1_i/axi_smc/inst/s00_entry_pipeline/s00_si_converter/inst/gen_axilite_conv.axilite_conv_inst/aw_addr[5]_i_3/O
                         net (fo=2, routed)           0.819     5.240    design_1_i/axi_smc/inst/s00_entry_pipeline/s00_si_converter/inst/gen_axilite_conv.axilite_conv_inst/aw_addr[5]_i_3_n_0
    SLICE_X31Y96         LUT4 (Prop_lut4_I1_O)        0.326     5.566 r  design_1_i/axi_smc/inst/s00_entry_pipeline/s00_si_converter/inst/gen_axilite_conv.axilite_conv_inst/aw_addr[4]_i_2/O
                         net (fo=3, routed)           0.629     6.195    design_1_i/axi_smc/inst/s00_entry_pipeline/s00_si_converter/inst/gen_axilite_conv.axilite_conv_inst/wrap_awaddr[4]
    SLICE_X32Y96         CARRY4 (Prop_carry4_DI[0]_O[3])
                                                      0.642     6.837 f  design_1_i/axi_smc/inst/s00_entry_pipeline/s00_si_converter/inst/gen_axilite_conv.axilite_conv_inst/aw_addr_reg[8]_i_22/O[3]
                         net (fo=2, routed)           0.605     7.442    design_1_i/axi_smc/inst/s00_entry_pipeline/s00_si_converter/inst/gen_axilite_conv.axilite_conv_inst/wrap_awaddr_limit[7]
    SLICE_X34Y97         LUT4 (Prop_lut4_I2_O)        0.307     7.749 r  design_1_i/axi_smc/inst/s00_entry_pipeline/s00_si_converter/inst/gen_axilite_conv.axilite_conv_inst/aw_addr[8]_i_21/O
                         net (fo=1, routed)           0.423     8.172    design_1_i/axi_smc/inst/s00_entry_pipeline/s00_si_converter/inst/gen_axilite_conv.axilite_conv_inst/aw_addr[8]_i_21_n_0
    SLICE_X34Y96         LUT6 (Prop_lut6_I1_O)        0.124     8.296 r  design_1_i/axi_smc/inst/s00_entry_pipeline/s00_si_converter/inst/gen_axilite_conv.axilite_conv_inst/aw_addr[8]_i_14/O
                         net (fo=1, routed)           0.574     8.870    design_1_i/axi_smc/inst/s00_entry_pipeline/s00_si_converter/inst/gen_axilite_conv.axilite_conv_inst/aw_addr[8]_i_14_n_0
    SLICE_X35Y97         LUT4 (Prop_lut4_I1_O)        0.124     8.994 r  design_1_i/axi_smc/inst/s00_entry_pipeline/s00_si_converter/inst/gen_axilite_conv.axilite_conv_inst/aw_addr[8]_i_8/O
                         net (fo=12, routed)          0.496     9.489    design_1_i/axi_smc/inst/s00_entry_pipeline/s00_si_converter/inst/gen_axilite_conv.axilite_conv_inst/aw_addr[8]_i_8_n_0
    SLICE_X33Y98         LUT4 (Prop_lut4_I0_O)        0.124     9.613 r  design_1_i/axi_smc/inst/s00_entry_pipeline/s00_si_converter/inst/gen_axilite_conv.axilite_conv_inst/aw_addr[9]_i_1/O
                         net (fo=1, routed)           0.000     9.613    design_1_i/axi_smc/inst/s00_entry_pipeline/s00_si_converter/inst/gen_axilite_conv.axilite_conv_inst/aw_addr[9]
    SLICE_X33Y98         FDRE                                         r  design_1_i/axi_smc/inst/s00_entry_pipeline/s00_si_converter/inst/gen_axilite_conv.axilite_conv_inst/aw_addr_reg[9]/D
  -------------------------------------------------------------------    -------------------

                         (clock clk_fpga_0 rise edge)
                                                     10.000    10.000 r  
    PS7_X0Y0             PS7                          0.000    10.000 r  design_1_i/processing_system7_0/inst/PS7_i/FCLKCLK[0]
                         net (fo=1, routed)           1.088    11.088    design_1_i/processing_system7_0/inst/FCLK_CLK_unbuffered[0]
    BUFGCTRL_X0Y16       BUFG (Prop_bufg_I_O)         0.091    11.179 r  design_1_i/processing_system7_0/inst/buffer_fclk_clk_0.FCLK_CLK_0_BUFG/O
                         net (fo=654, routed)         1.480    12.659    design_1_i/axi_smc/inst/s00_entry_pipeline/s00_si_converter/inst/gen_axilite_conv.axilite_conv_inst/aclk
    SLICE_X33Y98         FDRE                                         r  design_1_i/axi_smc/inst/s00_entry_pipeline/s00_si_converter/inst/gen_axilite_conv.axilite_conv_inst/aw_addr_reg[9]/C
                         clock pessimism              0.229    12.888    
                         clock uncertainty           -0.154    12.734    
    SLICE_X33Y98         FDRE (Setup_fdre_C_D)        0.031    12.765    design_1_i/axi_smc/inst/s00_entry_pipeline/s00_si_converter/inst/gen_axilite_conv.axilite_conv_inst/aw_addr_reg[9]
  -------------------------------------------------------------------
                         required time                         12.765    
                         arrival time                          -9.614    
  -------------------------------------------------------------------
                         slack                                  3.151    

Slack (MET) :             3.153ns  (required time - arrival time)
  Source:                 design_1_i/axi_smc/inst/s00_entry_pipeline/s00_mmu/inst/aw_reg_stall/m_vector_i_reg[1027]/C
                            (rising edge-triggered cell FDRE clocked by clk_fpga_0  {rise@0.000ns fall@5.000ns period=10.000ns})
  Destination:            design_1_i/axi_smc/inst/s00_entry_pipeline/s00_si_converter/inst/gen_axilite_conv.axilite_conv_inst/aw_addr_reg[10]/D
                            (rising edge-triggered cell FDRE clocked by clk_fpga_0  {rise@0.000ns fall@5.000ns period=10.000ns})
  Path Group:             clk_fpga_0
  Path Type:              Setup (Max at Slow Process Corner)
  Requirement:            10.000ns  (clk_fpga_0 rise@10.000ns - clk_fpga_0 rise@0.000ns)
  Data Path Delay:        6.619ns  (logic 2.315ns (34.978%)  route 4.303ns (65.022%))
  Logic Levels:           7  (CARRY4=1 LUT2=1 LUT4=4 LUT6=1)
  Clock Path Skew:        -0.106ns (DCD - SCD + CPR)
    Destination Clock Delay (DCD):    2.659ns = ( 12.659 - 10.000 ) 
    Source Clock Delay      (SCD):    2.994ns
    Clock Pessimism Removal (CPR):    0.229ns
  Clock Uncertainty:      0.154ns  ((TSJ^2 + TIJ^2)^1/2 + DJ) / 2 + PE
    Total System Jitter     (TSJ):    0.071ns
    Total Input Jitter      (TIJ):    0.300ns
    Discrete Jitter          (DJ):    0.000ns
    Phase Error              (PE):    0.000ns

    Location             Delay type                Incr(ns)  Path(ns)    Netlist Resource(s)
  -------------------------------------------------------------------    -------------------
                         (clock clk_fpga_0 rise edge)
                                                      0.000     0.000 r  
    PS7_X0Y0             PS7                          0.000     0.000 r  design_1_i/processing_system7_0/inst/PS7_i/FCLKCLK[0]
                         net (fo=1, routed)           1.193     1.193    design_1_i/processing_system7_0/inst/FCLK_CLK_unbuffered[0]
    BUFGCTRL_X0Y16       BUFG (Prop_bufg_I_O)         0.101     1.294 r  design_1_i/processing_system7_0/inst/buffer_fclk_clk_0.FCLK_CLK_0_BUFG/O
                         net (fo=654, routed)         1.700     2.994    design_1_i/axi_smc/inst/s00_entry_pipeline/s00_mmu/inst/aw_reg_stall/aclk
    SLICE_X30Y97         FDRE                                         r  design_1_i/axi_smc/inst/s00_entry_pipeline/s00_mmu/inst/aw_reg_stall/m_vector_i_reg[1027]/C
  -------------------------------------------------------------------    -------------------
    SLICE_X30Y97         FDRE (Prop_fdre_C_Q)         0.518     3.512 f  design_1_i/axi_smc/inst/s00_entry_pipeline/s00_mmu/inst/aw_reg_stall/m_vector_i_reg[1027]/Q
                         net (fo=20, routed)          0.759     4.271    design_1_i/axi_smc/inst/s00_entry_pipeline/s00_si_converter/inst/gen_axilite_conv.axilite_conv_inst/s_axi_awsize[1]
    SLICE_X31Y95         LUT2 (Prop_lut2_I0_O)        0.150     4.421 f  design_1_i/axi_smc/inst/s00_entry_pipeline/s00_si_converter/inst/gen_axilite_conv.axilite_conv_inst/aw_addr[5]_i_3/O
                         net (fo=2, routed)           0.819     5.240    design_1_i/axi_smc/inst/s00_entry_pipeline/s00_si_converter/inst/gen_axilite_conv.axilite_conv_inst/aw_addr[5]_i_3_n_0
    SLICE_X31Y96         LUT4 (Prop_lut4_I1_O)        0.326     5.566 r  design_1_i/axi_smc/inst/s00_entry_pipeline/s00_si_converter/inst/gen_axilite_conv.axilite_conv_inst/aw_addr[4]_i_2/O
                         net (fo=3, routed)           0.629     6.195    design_1_i/axi_smc/inst/s00_entry_pipeline/s00_si_converter/inst/gen_axilite_conv.axilite_conv_inst/wrap_awaddr[4]
    SLICE_X32Y96         CARRY4 (Prop_carry4_DI[0]_O[3])
                                                      0.642     6.837 f  design_1_i/axi_smc/inst/s00_entry_pipeline/s00_si_converter/inst/gen_axilite_conv.axilite_conv_inst/aw_addr_reg[8]_i_22/O[3]
                         net (fo=2, routed)           0.605     7.442    design_1_i/axi_smc/inst/s00_entry_pipeline/s00_si_converter/inst/gen_axilite_conv.axilite_conv_inst/wrap_awaddr_limit[7]
    SLICE_X34Y97         LUT4 (Prop_lut4_I2_O)        0.307     7.749 r  design_1_i/axi_smc/inst/s00_entry_pipeline/s00_si_converter/inst/gen_axilite_conv.axilite_conv_inst/aw_addr[8]_i_21/O
                         net (fo=1, routed)           0.423     8.172    design_1_i/axi_smc/inst/s00_entry_pipeline/s00_si_converter/inst/gen_axilite_conv.axilite_conv_inst/aw_addr[8]_i_21_n_0
    SLICE_X34Y96         LUT6 (Prop_lut6_I1_O)        0.124     8.296 r  design_1_i/axi_smc/inst/s00_entry_pipeline/s00_si_converter/inst/gen_axilite_conv.axilite_conv_inst/aw_addr[8]_i_14/O
                         net (fo=1, routed)           0.574     8.870    design_1_i/axi_smc/inst/s00_entry_pipeline/s00_si_converter/inst/gen_axilite_conv.axilite_conv_inst/aw_addr[8]_i_14_n_0
    SLICE_X35Y97         LUT4 (Prop_lut4_I1_O)        0.124     8.994 r  design_1_i/axi_smc/inst/s00_entry_pipeline/s00_si_converter/inst/gen_axilite_conv.axilite_conv_inst/aw_addr[8]_i_8/O
                         net (fo=12, routed)          0.495     9.488    design_1_i/axi_smc/inst/s00_entry_pipeline/s00_si_converter/inst/gen_axilite_conv.axilite_conv_inst/aw_addr[8]_i_8_n_0
    SLICE_X33Y98         LUT4 (Prop_lut4_I0_O)        0.124     9.612 r  design_1_i/axi_smc/inst/s00_entry_pipeline/s00_si_converter/inst/gen_axilite_conv.axilite_conv_inst/aw_addr[10]_i_1/O
                         net (fo=1, routed)           0.000     9.612    design_1_i/axi_smc/inst/s00_entry_pipeline/s00_si_converter/inst/gen_axilite_conv.axilite_conv_inst/aw_addr[10]
    SLICE_X33Y98         FDRE                                         r  design_1_i/axi_smc/inst/s00_entry_pipeline/s00_si_converter/inst/gen_axilite_conv.axilite_conv_inst/aw_addr_reg[10]/D
  -------------------------------------------------------------------    -------------------

                         (clock clk_fpga_0 rise edge)
                                                     10.000    10.000 r  
    PS7_X0Y0             PS7                          0.000    10.000 r  design_1_i/processing_system7_0/inst/PS7_i/FCLKCLK[0]
                         net (fo=1, routed)           1.088    11.088    design_1_i/processing_system7_0/inst/FCLK_CLK_unbuffered[0]
    BUFGCTRL_X0Y16       BUFG (Prop_bufg_I_O)         0.091    11.179 r  design_1_i/processing_system7_0/inst/buffer_fclk_clk_0.FCLK_CLK_0_BUFG/O
                         net (fo=654, routed)         1.480    12.659    design_1_i/axi_smc/inst/s00_entry_pipeline/s00_si_converter/inst/gen_axilite_conv.axilite_conv_inst/aclk
    SLICE_X33Y98         FDRE                                         r  design_1_i/axi_smc/inst/s00_entry_pipeline/s00_si_converter/inst/gen_axilite_conv.axilite_conv_inst/aw_addr_reg[10]/C
                         clock pessimism              0.229    12.888    
                         clock uncertainty           -0.154    12.734    
    SLICE_X33Y98         FDRE (Setup_fdre_C_D)        0.032    12.766    design_1_i/axi_smc/inst/s00_entry_pipeline/s00_si_converter/inst/gen_axilite_conv.axilite_conv_inst/aw_addr_reg[10]
  -------------------------------------------------------------------
                         required time                         12.766    
                         arrival time                          -9.613    
  -------------------------------------------------------------------
                         slack                                  3.153    

Slack (MET) :             3.197ns  (required time - arrival time)
  Source:                 design_1_i/axi_smc/inst/s00_entry_pipeline/s00_mmu/inst/aw_reg_stall/m_vector_i_reg[1027]/C
                            (rising edge-triggered cell FDRE clocked by clk_fpga_0  {rise@0.000ns fall@5.000ns period=10.000ns})
  Destination:            design_1_i/axi_smc/inst/s00_entry_pipeline/s00_si_converter/inst/gen_axilite_conv.axilite_conv_inst/aw_addr_reg[8]/D
                            (rising edge-triggered cell FDRE clocked by clk_fpga_0  {rise@0.000ns fall@5.000ns period=10.000ns})
  Path Group:             clk_fpga_0
  Path Type:              Setup (Max at Slow Process Corner)
  Requirement:            10.000ns  (clk_fpga_0 rise@10.000ns - clk_fpga_0 rise@0.000ns)
  Data Path Delay:        6.573ns  (logic 2.315ns (35.222%)  route 4.258ns (64.778%))
  Logic Levels:           7  (CARRY4=1 LUT2=1 LUT4=4 LUT6=1)
  Clock Path Skew:        -0.105ns (DCD - SCD + CPR)
    Destination Clock Delay (DCD):    2.660ns = ( 12.660 - 10.000 ) 
    Source Clock Delay      (SCD):    2.994ns
    Clock Pessimism Removal (CPR):    0.229ns
  Clock Uncertainty:      0.154ns  ((TSJ^2 + TIJ^2)^1/2 + DJ) / 2 + PE
    Total System Jitter     (TSJ):    0.071ns
    Total Input Jitter      (TIJ):    0.300ns
    Discrete Jitter          (DJ):    0.000ns
    Phase Error              (PE):    0.000ns

    Location             Delay type                Incr(ns)  Path(ns)    Netlist Resource(s)
  -------------------------------------------------------------------    -------------------
                         (clock clk_fpga_0 rise edge)
                                                      0.000     0.000 r  
    PS7_X0Y0             PS7                          0.000     0.000 r  design_1_i/processing_system7_0/inst/PS7_i/FCLKCLK[0]
                         net (fo=1, routed)           1.193     1.193    design_1_i/processing_system7_0/inst/FCLK_CLK_unbuffered[0]
    BUFGCTRL_X0Y16       BUFG (Prop_bufg_I_O)         0.101     1.294 r  design_1_i/processing_system7_0/inst/buffer_fclk_clk_0.FCLK_CLK_0_BUFG/O
                         net (fo=654, routed)         1.700     2.994    design_1_i/axi_smc/inst/s00_entry_pipeline/s00_mmu/inst/aw_reg_stall/aclk
    SLICE_X30Y97         FDRE                                         r  design_1_i/axi_smc/inst/s00_entry_pipeline/s00_mmu/inst/aw_reg_stall/m_vector_i_reg[1027]/C
  -------------------------------------------------------------------    -------------------
    SLICE_X30Y97         FDRE (Prop_fdre_C_Q)         0.518     3.512 f  design_1_i/axi_smc/inst/s00_entry_pipeline/s00_mmu/inst/aw_reg_stall/m_vector_i_reg[1027]/Q
                         net (fo=20, routed)          0.759     4.271    design_1_i/axi_smc/inst/s00_entry_pipeline/s00_si_converter/inst/gen_axilite_conv.axilite_conv_inst/s_axi_awsize[1]
    SLICE_X31Y95         LUT2 (Prop_lut2_I0_O)        0.150     4.421 f  design_1_i/axi_smc/inst/s00_entry_pipeline/s00_si_converter/inst/gen_axilite_conv.axilite_conv_inst/aw_addr[5]_i_3/O
                         net (fo=2, routed)           0.819     5.240    design_1_i/axi_smc/inst/s00_entry_pipeline/s00_si_converter/inst/gen_axilite_conv.axilite_conv_inst/aw_addr[5]_i_3_n_0
    SLICE_X31Y96         LUT4 (Prop_lut4_I1_O)        0.326     5.566 r  design_1_i/axi_smc/inst/s00_entry_pipeline/s00_si_converter/inst/gen_axilite_conv.axilite_conv_inst/aw_addr[4]_i_2/O
                         net (fo=3, routed)           0.629     6.195    design_1_i/axi_smc/inst/s00_entry_pipeline/s00_si_converter/inst/gen_axilite_conv.axilite_conv_inst/wrap_awaddr[4]
    SLICE_X32Y96         CARRY4 (Prop_carry4_DI[0]_O[3])
                                                      0.642     6.837 f  design_1_i/axi_smc/inst/s00_entry_pipeline/s00_si_converter/inst/gen_axilite_conv.axilite_conv_inst/aw_addr_reg[8]_i_22/O[3]
                         net (fo=2, routed)           0.605     7.442    design_1_i/axi_smc/inst/s00_entry_pipeline/s00_si_converter/inst/gen_axilite_conv.axilite_conv_inst/wrap_awaddr_limit[7]
    SLICE_X34Y97         LUT4 (Prop_lut4_I2_O)        0.307     7.749 r  design_1_i/axi_smc/inst/s00_entry_pipeline/s00_si_converter/inst/gen_axilite_conv.axilite_conv_inst/aw_addr[8]_i_21/O
                         net (fo=1, routed)           0.423     8.172    design_1_i/axi_smc/inst/s00_entry_pipeline/s00_si_converter/inst/gen_axilite_conv.axilite_conv_inst/aw_addr[8]_i_21_n_0
    SLICE_X34Y96         LUT6 (Prop_lut6_I1_O)        0.124     8.296 r  design_1_i/axi_smc/inst/s00_entry_pipeline/s00_si_converter/inst/gen_axilite_conv.axilite_conv_inst/aw_addr[8]_i_14/O
                         net (fo=1, routed)           0.574     8.870    design_1_i/axi_smc/inst/s00_entry_pipeline/s00_si_converter/inst/gen_axilite_conv.axilite_conv_inst/aw_addr[8]_i_14_n_0
    SLICE_X35Y97         LUT4 (Prop_lut4_I1_O)        0.124     8.994 r  design_1_i/axi_smc/inst/s00_entry_pipeline/s00_si_converter/inst/gen_axilite_conv.axilite_conv_inst/aw_addr[8]_i_8/O
                         net (fo=12, routed)          0.449     9.443    design_1_i/axi_smc/inst/s00_entry_pipeline/s00_si_converter/inst/gen_axilite_conv.axilite_conv_inst/aw_addr[8]_i_8_n_0
    SLICE_X35Y97         LUT4 (Prop_lut4_I1_O)        0.124     9.567 r  design_1_i/axi_smc/inst/s00_entry_pipeline/s00_si_converter/inst/gen_axilite_conv.axilite_conv_inst/aw_addr[8]_i_2/O
                         net (fo=1, routed)           0.000     9.567    design_1_i/axi_smc/inst/s00_entry_pipeline/s00_si_converter/inst/gen_axilite_conv.axilite_conv_inst/aw_addr[8]
    SLICE_X35Y97         FDRE                                         r  design_1_i/axi_smc/inst/s00_entry_pipeline/s00_si_converter/inst/gen_axilite_conv.axilite_conv_inst/aw_addr_reg[8]/D
  -------------------------------------------------------------------    -------------------

                         (clock clk_fpga_0 rise edge)
                                                     10.000    10.000 r  
    PS7_X0Y0             PS7                          0.000    10.000 r  design_1_i/processing_system7_0/inst/PS7_i/FCLKCLK[0]
                         net (fo=1, routed)           1.088    11.088    design_1_i/processing_system7_0/inst/FCLK_CLK_unbuffered[0]
    BUFGCTRL_X0Y16       BUFG (Prop_bufg_I_O)         0.091    11.179 r  design_1_i/processing_system7_0/inst/buffer_fclk_clk_0.FCLK_CLK_0_BUFG/O
                         net (fo=654, routed)         1.481    12.660    design_1_i/axi_smc/inst/s00_entry_pipeline/s00_si_converter/inst/gen_axilite_conv.axilite_conv_inst/aclk
    SLICE_X35Y97         FDRE                                         r  design_1_i/axi_smc/inst/s00_entry_pipeline/s00_si_converter/inst/gen_axilite_conv.axilite_conv_inst/aw_addr_reg[8]/C
                         clock pessimism              0.229    12.889    
                         clock uncertainty           -0.154    12.735    
    SLICE_X35Y97         FDRE (Setup_fdre_C_D)        0.029    12.764    design_1_i/axi_smc/inst/s00_entry_pipeline/s00_si_converter/inst/gen_axilite_conv.axilite_conv_inst/aw_addr_reg[8]
  -------------------------------------------------------------------
                         required time                         12.764    
                         arrival time                          -9.567    
  -------------------------------------------------------------------
                         slack                                  3.197    

Slack (MET) :             3.206ns  (required time - arrival time)
  Source:                 design_1_i/axi_smc/inst/s00_entry_pipeline/s00_mmu/inst/aw_reg_stall/m_vector_i_reg[1027]/C
                            (rising edge-triggered cell FDRE clocked by clk_fpga_0  {rise@0.000ns fall@5.000ns period=10.000ns})
  Destination:            design_1_i/axi_smc/inst/s00_entry_pipeline/s00_si_converter/inst/gen_axilite_conv.axilite_conv_inst/aw_addr_reg[5]/D
                            (rising edge-triggered cell FDRE clocked by clk_fpga_0  {rise@0.000ns fall@5.000ns period=10.000ns})
  Path Group:             clk_fpga_0
  Path Type:              Setup (Max at Slow Process Corner)
  Requirement:            10.000ns  (clk_fpga_0 rise@10.000ns - clk_fpga_0 rise@0.000ns)
  Data Path Delay:        6.615ns  (logic 2.315ns (34.998%)  route 4.300ns (65.002%))
  Logic Levels:           7  (CARRY4=1 LUT2=1 LUT4=3 LUT5=1 LUT6=1)
  Clock Path Skew:        -0.106ns (DCD - SCD + CPR)
    Destination Clock Delay (DCD):    2.659ns = ( 12.659 - 10.000 ) 
    Source Clock Delay      (SCD):    2.994ns
    Clock Pessimism Removal (CPR):    0.229ns
  Clock Uncertainty:      0.154ns  ((TSJ^2 + TIJ^2)^1/2 + DJ) / 2 + PE
    Total System Jitter     (TSJ):    0.071ns
    Total Input Jitter      (TIJ):    0.300ns
    Discrete Jitter          (DJ):    0.000ns
    Phase Error              (PE):    0.000ns

    Location             Delay type                Incr(ns)  Path(ns)    Netlist Resource(s)
  -------------------------------------------------------------------    -------------------
                         (clock clk_fpga_0 rise edge)
                                                      0.000     0.000 r  
    PS7_X0Y0             PS7                          0.000     0.000 r  design_1_i/processing_system7_0/inst/PS7_i/FCLKCLK[0]
                         net (fo=1, routed)           1.193     1.193    design_1_i/processing_system7_0/inst/FCLK_CLK_unbuffered[0]
    BUFGCTRL_X0Y16       BUFG (Prop_bufg_I_O)         0.101     1.294 r  design_1_i/processing_system7_0/inst/buffer_fclk_clk_0.FCLK_CLK_0_BUFG/O
                         net (fo=654, routed)         1.700     2.994    design_1_i/axi_smc/inst/s00_entry_pipeline/s00_mmu/inst/aw_reg_stall/aclk
    SLICE_X30Y97         FDRE                                         r  design_1_i/axi_smc/inst/s00_entry_pipeline/s00_mmu/inst/aw_reg_stall/m_vector_i_reg[1027]/C
  -------------------------------------------------------------------    -------------------
    SLICE_X30Y97         FDRE (Prop_fdre_C_Q)         0.518     3.512 f  design_1_i/axi_smc/inst/s00_entry_pipeline/s00_mmu/inst/aw_reg_stall/m_vector_i_reg[1027]/Q
                         net (fo=20, routed)          0.759     4.271    design_1_i/axi_smc/inst/s00_entry_pipeline/s00_si_converter/inst/gen_axilite_conv.axilite_conv_inst/s_axi_awsize[1]
    SLICE_X31Y95         LUT2 (Prop_lut2_I0_O)        0.150     4.421 f  design_1_i/axi_smc/inst/s00_entry_pipeline/s00_si_converter/inst/gen_axilite_conv.axilite_conv_inst/aw_addr[5]_i_3/O
                         net (fo=2, routed)           0.819     5.240    design_1_i/axi_smc/inst/s00_entry_pipeline/s00_si_converter/inst/gen_axilite_conv.axilite_conv_inst/aw_addr[5]_i_3_n_0
    SLICE_X31Y96         LUT4 (Prop_lut4_I1_O)        0.326     5.566 r  design_1_i/axi_smc/inst/s00_entry_pipeline/s00_si_converter/inst/gen_axilite_conv.axilite_conv_inst/aw_addr[4]_i_2/O
                         net (fo=3, routed)           0.629     6.195    design_1_i/axi_smc/inst/s00_entry_pipeline/s00_si_converter/inst/gen_axilite_conv.axilite_conv_inst/wrap_awaddr[4]
    SLICE_X32Y96         CARRY4 (Prop_carry4_DI[0]_O[3])
                                                      0.642     6.837 f  design_1_i/axi_smc/inst/s00_entry_pipeline/s00_si_converter/inst/gen_axilite_conv.axilite_conv_inst/aw_addr_reg[8]_i_22/O[3]
                         net (fo=2, routed)           0.605     7.442    design_1_i/axi_smc/inst/s00_entry_pipeline/s00_si_converter/inst/gen_axilite_conv.axilite_conv_inst/wrap_awaddr_limit[7]
    SLICE_X34Y97         LUT4 (Prop_lut4_I2_O)        0.307     7.749 r  design_1_i/axi_smc/inst/s00_entry_pipeline/s00_si_converter/inst/gen_axilite_conv.axilite_conv_inst/aw_addr[8]_i_21/O
                         net (fo=1, routed)           0.423     8.172    design_1_i/axi_smc/inst/s00_entry_pipeline/s00_si_converter/inst/gen_axilite_conv.axilite_conv_inst/aw_addr[8]_i_21_n_0
    SLICE_X34Y96         LUT6 (Prop_lut6_I1_O)        0.124     8.296 r  design_1_i/axi_smc/inst/s00_entry_pipeline/s00_si_converter/inst/gen_axilite_conv.axilite_conv_inst/aw_addr[8]_i_14/O
                         net (fo=1, routed)           0.574     8.870    design_1_i/axi_smc/inst/s00_entry_pipeline/s00_si_converter/inst/gen_axilite_conv.axilite_conv_inst/aw_addr[8]_i_14_n_0
    SLICE_X35Y97         LUT4 (Prop_lut4_I1_O)        0.124     8.994 r  design_1_i/axi_smc/inst/s00_entry_pipeline/s00_si_converter/inst/gen_axilite_conv.axilite_conv_inst/aw_addr[8]_i_8/O
                         net (fo=12, routed)          0.491     9.485    design_1_i/axi_smc/inst/s00_entry_pipeline/s00_si_converter/inst/gen_axilite_conv.axilite_conv_inst/aw_addr[8]_i_8_n_0
    SLICE_X34Y96         LUT5 (Prop_lut5_I0_O)        0.124     9.609 r  design_1_i/axi_smc/inst/s00_entry_pipeline/s00_si_converter/inst/gen_axilite_conv.axilite_conv_inst/aw_addr[5]_i_1/O
                         net (fo=1, routed)           0.000     9.609    design_1_i/axi_smc/inst/s00_entry_pipeline/s00_si_converter/inst/gen_axilite_conv.axilite_conv_inst/aw_addr[5]
    SLICE_X34Y96         FDRE                                         r  design_1_i/axi_smc/inst/s00_entry_pipeline/s00_si_converter/inst/gen_axilite_conv.axilite_conv_inst/aw_addr_reg[5]/D
  -------------------------------------------------------------------    -------------------

                         (clock clk_fpga_0 rise edge)
                                                     10.000    10.000 r  
    PS7_X0Y0             PS7                          0.000    10.000 r  design_1_i/processing_system7_0/inst/PS7_i/FCLKCLK[0]
                         net (fo=1, routed)           1.088    11.088    design_1_i/processing_system7_0/inst/FCLK_CLK_unbuffered[0]
    BUFGCTRL_X0Y16       BUFG (Prop_bufg_I_O)         0.091    11.179 r  design_1_i/processing_system7_0/inst/buffer_fclk_clk_0.FCLK_CLK_0_BUFG/O
                         net (fo=654, routed)         1.480    12.659    design_1_i/axi_smc/inst/s00_entry_pipeline/s00_si_converter/inst/gen_axilite_conv.axilite_conv_inst/aclk
    SLICE_X34Y96         FDRE                                         r  design_1_i/axi_smc/inst/s00_entry_pipeline/s00_si_converter/inst/gen_axilite_conv.axilite_conv_inst/aw_addr_reg[5]/C
                         clock pessimism              0.229    12.888    
                         clock uncertainty           -0.154    12.734    
    SLICE_X34Y96         FDRE (Setup_fdre_C_D)        0.081    12.815    design_1_i/axi_smc/inst/s00_entry_pipeline/s00_si_converter/inst/gen_axilite_conv.axilite_conv_inst/aw_addr_reg[5]
  -------------------------------------------------------------------
                         required time                         12.815    
                         arrival time                          -9.609    
  -------------------------------------------------------------------
                         slack                                  3.206    

Slack (MET) :             3.216ns  (required time - arrival time)
  Source:                 design_1_i/axi_smc/inst/s00_entry_pipeline/s00_mmu/inst/aw_reg_stall/m_vector_i_reg[1027]/C
                            (rising edge-triggered cell FDRE clocked by clk_fpga_0  {rise@0.000ns fall@5.000ns period=10.000ns})
  Destination:            design_1_i/axi_smc/inst/s00_entry_pipeline/s00_si_converter/inst/gen_axilite_conv.axilite_conv_inst/aw_addr_reg[6]/D
                            (rising edge-triggered cell FDRE clocked by clk_fpga_0  {rise@0.000ns fall@5.000ns period=10.000ns})
  Path Group:             clk_fpga_0
  Path Type:              Setup (Max at Slow Process Corner)
  Requirement:            10.000ns  (clk_fpga_0 rise@10.000ns - clk_fpga_0 rise@0.000ns)
  Data Path Delay:        6.605ns  (logic 2.315ns (35.047%)  route 4.290ns (64.953%))
  Logic Levels:           7  (CARRY4=1 LUT2=1 LUT4=3 LUT5=1 LUT6=1)
  Clock Path Skew:        -0.106ns (DCD - SCD + CPR)
    Destination Clock Delay (DCD):    2.659ns = ( 12.659 - 10.000 ) 
    Source Clock Delay      (SCD):    2.994ns
    Clock Pessimism Removal (CPR):    0.229ns
  Clock Uncertainty:      0.154ns  ((TSJ^2 + TIJ^2)^1/2 + DJ) / 2 + PE
    Total System Jitter     (TSJ):    0.071ns
    Total Input Jitter      (TIJ):    0.300ns
    Discrete Jitter          (DJ):    0.000ns
    Phase Error              (PE):    0.000ns

    Location             Delay type                Incr(ns)  Path(ns)    Netlist Resource(s)
  -------------------------------------------------------------------    -------------------
                         (clock clk_fpga_0 rise edge)
                                                      0.000     0.000 r  
    PS7_X0Y0             PS7                          0.000     0.000 r  design_1_i/processing_system7_0/inst/PS7_i/FCLKCLK[0]
                         net (fo=1, routed)           1.193     1.193    design_1_i/processing_system7_0/inst/FCLK_CLK_unbuffered[0]
    BUFGCTRL_X0Y16       BUFG (Prop_bufg_I_O)         0.101     1.294 r  design_1_i/processing_system7_0/inst/buffer_fclk_clk_0.FCLK_CLK_0_BUFG/O
                         net (fo=654, routed)         1.700     2.994    design_1_i/axi_smc/inst/s00_entry_pipeline/s00_mmu/inst/aw_reg_stall/aclk
    SLICE_X30Y97         FDRE                                         r  design_1_i/axi_smc/inst/s00_entry_pipeline/s00_mmu/inst/aw_reg_stall/m_vector_i_reg[1027]/C
  -------------------------------------------------------------------    -------------------
    SLICE_X30Y97         FDRE (Prop_fdre_C_Q)         0.518     3.512 f  design_1_i/axi_smc/inst/s00_entry_pipeline/s00_mmu/inst/aw_reg_stall/m_vector_i_reg[1027]/Q
                         net (fo=20, routed)          0.759     4.271    design_1_i/axi_smc/inst/s00_entry_pipeline/s00_si_converter/inst/gen_axilite_conv.axilite_conv_inst/s_axi_awsize[1]
    SLICE_X31Y95         LUT2 (Prop_lut2_I0_O)        0.150     4.421 f  design_1_i/axi_smc/inst/s00_entry_pipeline/s00_si_converter/inst/gen_axilite_conv.axilite_conv_inst/aw_addr[5]_i_3/O
                         net (fo=2, routed)           0.819     5.240    design_1_i/axi_smc/inst/s00_entry_pipeline/s00_si_converter/inst/gen_axilite_conv.axilite_conv_inst/aw_addr[5]_i_3_n_0
    SLICE_X31Y96         LUT4 (Prop_lut4_I1_O)        0.326     5.566 r  design_1_i/axi_smc/inst/s00_entry_pipeline/s00_si_converter/inst/gen_axilite_conv.axilite_conv_inst/aw_addr[4]_i_2/O
                         net (fo=3, routed)           0.629     6.195    design_1_i/axi_smc/inst/s00_entry_pipeline/s00_si_converter/inst/gen_axilite_conv.axilite_conv_inst/wrap_awaddr[4]
    SLICE_X32Y96         CARRY4 (Prop_carry4_DI[0]_O[3])
                                                      0.642     6.837 f  design_1_i/axi_smc/inst/s00_entry_pipeline/s00_si_converter/inst/gen_axilite_conv.axilite_conv_inst/aw_addr_reg[8]_i_22/O[3]
                         net (fo=2, routed)           0.605     7.442    design_1_i/axi_smc/inst/s00_entry_pipeline/s00_si_converter/inst/gen_axilite_conv.axilite_conv_inst/wrap_awaddr_limit[7]
    SLICE_X34Y97         LUT4 (Prop_lut4_I2_O)        0.307     7.749 r  design_1_i/axi_smc/inst/s00_entry_pipeline/s00_si_converter/inst/gen_axilite_conv.axilite_conv_inst/aw_addr[8]_i_21/O
                         net (fo=1, routed)           0.423     8.172    design_1_i/axi_smc/inst/s00_entry_pipeline/s00_si_converter/inst/gen_axilite_conv.axilite_conv_inst/aw_addr[8]_i_21_n_0
    SLICE_X34Y96         LUT6 (Prop_lut6_I1_O)        0.124     8.296 r  design_1_i/axi_smc/inst/s00_entry_pipeline/s00_si_converter/inst/gen_axilite_conv.axilite_conv_inst/aw_addr[8]_i_14/O
                         net (fo=1, routed)           0.574     8.870    design_1_i/axi_smc/inst/s00_entry_pipeline/s00_si_converter/inst/gen_axilite_conv.axilite_conv_inst/aw_addr[8]_i_14_n_0
    SLICE_X35Y97         LUT4 (Prop_lut4_I1_O)        0.124     8.994 r  design_1_i/axi_smc/inst/s00_entry_pipeline/s00_si_converter/inst/gen_axilite_conv.axilite_conv_inst/aw_addr[8]_i_8/O
                         net (fo=12, routed)          0.482     9.475    design_1_i/axi_smc/inst/s00_entry_pipeline/s00_si_converter/inst/gen_axilite_conv.axilite_conv_inst/aw_addr[8]_i_8_n_0
    SLICE_X32Y98         LUT5 (Prop_lut5_I1_O)        0.124     9.599 r  design_1_i/axi_smc/inst/s00_entry_pipeline/s00_si_converter/inst/gen_axilite_conv.axilite_conv_inst/aw_addr[6]_i_1/O
                         net (fo=1, routed)           0.000     9.599    design_1_i/axi_smc/inst/s00_entry_pipeline/s00_si_converter/inst/gen_axilite_conv.axilite_conv_inst/aw_addr[6]
    SLICE_X32Y98         FDRE                                         r  design_1_i/axi_smc/inst/s00_entry_pipeline/s00_si_converter/inst/gen_axilite_conv.axilite_conv_inst/aw_addr_reg[6]/D
  -------------------------------------------------------------------    -------------------

                         (clock clk_fpga_0 rise edge)
                                                     10.000    10.000 r  
    PS7_X0Y0             PS7                          0.000    10.000 r  design_1_i/processing_system7_0/inst/PS7_i/FCLKCLK[0]
                         net (fo=1, routed)           1.088    11.088    design_1_i/processing_system7_0/inst/FCLK_CLK_unbuffered[0]
    BUFGCTRL_X0Y16       BUFG (Prop_bufg_I_O)         0.091    11.179 r  design_1_i/processing_system7_0/inst/buffer_fclk_clk_0.FCLK_CLK_0_BUFG/O
                         net (fo=654, routed)         1.480    12.659    design_1_i/axi_smc/inst/s00_entry_pipeline/s00_si_converter/inst/gen_axilite_conv.axilite_conv_inst/aclk
    SLICE_X32Y98         FDRE                                         r  design_1_i/axi_smc/inst/s00_entry_pipeline/s00_si_converter/inst/gen_axilite_conv.axilite_conv_inst/aw_addr_reg[6]/C
                         clock pessimism              0.229    12.888    
                         clock uncertainty           -0.154    12.734    
    SLICE_X32Y98         FDRE (Setup_fdre_C_D)        0.081    12.815    design_1_i/axi_smc/inst/s00_entry_pipeline/s00_si_converter/inst/gen_axilite_conv.axilite_conv_inst/aw_addr_reg[6]
  -------------------------------------------------------------------
                         required time                         12.815    
                         arrival time                          -9.599    
  -------------------------------------------------------------------
                         slack                                  3.216    

Slack (MET) :             3.218ns  (required time - arrival time)
  Source:                 design_1_i/axi_smc/inst/s00_entry_pipeline/s00_mmu/inst/aw_reg_stall/m_vector_i_reg[1027]/C
                            (rising edge-triggered cell FDRE clocked by clk_fpga_0  {rise@0.000ns fall@5.000ns period=10.000ns})
  Destination:            design_1_i/axi_smc/inst/s00_entry_pipeline/s00_si_converter/inst/gen_axilite_conv.axilite_conv_inst/aw_addr_reg[0]/D
                            (rising edge-triggered cell FDRE clocked by clk_fpga_0  {rise@0.000ns fall@5.000ns period=10.000ns})
  Path Group:             clk_fpga_0
  Path Type:              Setup (Max at Slow Process Corner)
  Requirement:            10.000ns  (clk_fpga_0 rise@10.000ns - clk_fpga_0 rise@0.000ns)
  Data Path Delay:        6.601ns  (logic 2.315ns (35.069%)  route 4.286ns (64.931%))
  Logic Levels:           7  (CARRY4=1 LUT2=1 LUT4=3 LUT5=1 LUT6=1)
  Clock Path Skew:        -0.106ns (DCD - SCD + CPR)
    Destination Clock Delay (DCD):    2.659ns = ( 12.659 - 10.000 ) 
    Source Clock Delay      (SCD):    2.994ns
    Clock Pessimism Removal (CPR):    0.229ns
  Clock Uncertainty:      0.154ns  ((TSJ^2 + TIJ^2)^1/2 + DJ) / 2 + PE
    Total System Jitter     (TSJ):    0.071ns
    Total Input Jitter      (TIJ):    0.300ns
    Discrete Jitter          (DJ):    0.000ns
    Phase Error              (PE):    0.000ns

    Location             Delay type                Incr(ns)  Path(ns)    Netlist Resource(s)
  -------------------------------------------------------------------    -------------------
                         (clock clk_fpga_0 rise edge)
                                                      0.000     0.000 r  
    PS7_X0Y0             PS7                          0.000     0.000 r  design_1_i/processing_system7_0/inst/PS7_i/FCLKCLK[0]
                         net (fo=1, routed)           1.193     1.193    design_1_i/processing_system7_0/inst/FCLK_CLK_unbuffered[0]
    BUFGCTRL_X0Y16       BUFG (Prop_bufg_I_O)         0.101     1.294 r  design_1_i/processing_system7_0/inst/buffer_fclk_clk_0.FCLK_CLK_0_BUFG/O
                         net (fo=654, routed)         1.700     2.994    design_1_i/axi_smc/inst/s00_entry_pipeline/s00_mmu/inst/aw_reg_stall/aclk
    SLICE_X30Y97         FDRE                                         r  design_1_i/axi_smc/inst/s00_entry_pipeline/s00_mmu/inst/aw_reg_stall/m_vector_i_reg[1027]/C
  -------------------------------------------------------------------    -------------------
    SLICE_X30Y97         FDRE (Prop_fdre_C_Q)         0.518     3.512 f  design_1_i/axi_smc/inst/s00_entry_pipeline/s00_mmu/inst/aw_reg_stall/m_vector_i_reg[1027]/Q
                         net (fo=20, routed)          0.759     4.271    design_1_i/axi_smc/inst/s00_entry_pipeline/s00_si_converter/inst/gen_axilite_conv.axilite_conv_inst/s_axi_awsize[1]
    SLICE_X31Y95         LUT2 (Prop_lut2_I0_O)        0.150     4.421 f  design_1_i/axi_smc/inst/s00_entry_pipeline/s00_si_converter/inst/gen_axilite_conv.axilite_conv_inst/aw_addr[5]_i_3/O
                         net (fo=2, routed)           0.819     5.240    design_1_i/axi_smc/inst/s00_entry_pipeline/s00_si_converter/inst/gen_axilite_conv.axilite_conv_inst/aw_addr[5]_i_3_n_0
    SLICE_X31Y96         LUT4 (Prop_lut4_I1_O)        0.326     5.566 r  design_1_i/axi_smc/inst/s00_entry_pipeline/s00_si_converter/inst/gen_axilite_conv.axilite_conv_inst/aw_addr[4]_i_2/O
                         net (fo=3, routed)           0.629     6.195    design_1_i/axi_smc/inst/s00_entry_pipeline/s00_si_converter/inst/gen_axilite_conv.axilite_conv_inst/wrap_awaddr[4]
    SLICE_X32Y96         CARRY4 (Prop_carry4_DI[0]_O[3])
                                                      0.642     6.837 f  design_1_i/axi_smc/inst/s00_entry_pipeline/s00_si_converter/inst/gen_axilite_conv.axilite_conv_inst/aw_addr_reg[8]_i_22/O[3]
                         net (fo=2, routed)           0.605     7.442    design_1_i/axi_smc/inst/s00_entry_pipeline/s00_si_converter/inst/gen_axilite_conv.axilite_conv_inst/wrap_awaddr_limit[7]
    SLICE_X34Y97         LUT4 (Prop_lut4_I2_O)        0.307     7.749 r  design_1_i/axi_smc/inst/s00_entry_pipeline/s00_si_converter/inst/gen_axilite_conv.axilite_conv_inst/aw_addr[8]_i_21/O
                         net (fo=1, routed)           0.423     8.172    design_1_i/axi_smc/inst/s00_entry_pipeline/s00_si_converter/inst/gen_axilite_conv.axilite_conv_inst/aw_addr[8]_i_21_n_0
    SLICE_X34Y96         LUT6 (Prop_lut6_I1_O)        0.124     8.296 r  design_1_i/axi_smc/inst/s00_entry_pipeline/s00_si_converter/inst/gen_axilite_conv.axilite_conv_inst/aw_addr[8]_i_14/O
                         net (fo=1, routed)           0.574     8.870    design_1_i/axi_smc/inst/s00_entry_pipeline/s00_si_converter/inst/gen_axilite_conv.axilite_conv_inst/aw_addr[8]_i_14_n_0
    SLICE_X35Y97         LUT4 (Prop_lut4_I1_O)        0.124     8.994 r  design_1_i/axi_smc/inst/s00_entry_pipeline/s00_si_converter/inst/gen_axilite_conv.axilite_conv_inst/aw_addr[8]_i_8/O
                         net (fo=12, routed)          0.477     9.471    design_1_i/axi_smc/inst/s00_entry_pipeline/s00_si_converter/inst/gen_axilite_conv.axilite_conv_inst/aw_addr[8]_i_8_n_0
    SLICE_X34Y95         LUT5 (Prop_lut5_I0_O)        0.124     9.595 r  design_1_i/axi_smc/inst/s00_entry_pipeline/s00_si_converter/inst/gen_axilite_conv.axilite_conv_inst/aw_addr[0]_i_1/O
                         net (fo=1, routed)           0.000     9.595    design_1_i/axi_smc/inst/s00_entry_pipeline/s00_si_converter/inst/gen_axilite_conv.axilite_conv_inst/aw_addr[0]
    SLICE_X34Y95         FDRE                                         r  design_1_i/axi_smc/inst/s00_entry_pipeline/s00_si_converter/inst/gen_axilite_conv.axilite_conv_inst/aw_addr_reg[0]/D
  -------------------------------------------------------------------    -------------------

                         (clock clk_fpga_0 rise edge)
                                                     10.000    10.000 r  
    PS7_X0Y0             PS7                          0.000    10.000 r  design_1_i/processing_system7_0/inst/PS7_i/FCLKCLK[0]
                         net (fo=1, routed)           1.088    11.088    design_1_i/processing_system7_0/inst/FCLK_CLK_unbuffered[0]
    BUFGCTRL_X0Y16       BUFG (Prop_bufg_I_O)         0.091    11.179 r  design_1_i/processing_system7_0/inst/buffer_fclk_clk_0.FCLK_CLK_0_BUFG/O
                         net (fo=654, routed)         1.480    12.659    design_1_i/axi_smc/inst/s00_entry_pipeline/s00_si_converter/inst/gen_axilite_conv.axilite_conv_inst/aclk
    SLICE_X34Y95         FDRE                                         r  design_1_i/axi_smc/inst/s00_entry_pipeline/s00_si_converter/inst/gen_axilite_conv.axilite_conv_inst/aw_addr_reg[0]/C
                         clock pessimism              0.229    12.888    
                         clock uncertainty           -0.154    12.734    
    SLICE_X34Y95         FDRE (Setup_fdre_C_D)        0.079    12.813    design_1_i/axi_smc/inst/s00_entry_pipeline/s00_si_converter/inst/gen_axilite_conv.axilite_conv_inst/aw_addr_reg[0]
  -------------------------------------------------------------------
                         required time                         12.813    
                         arrival time                          -9.595    
  -------------------------------------------------------------------
                         slack                                  3.218    

Slack (MET) :             3.223ns  (required time - arrival time)
  Source:                 design_1_i/axi_smc/inst/s00_entry_pipeline/s00_mmu/inst/aw_reg_stall/m_vector_i_reg[1027]/C
                            (rising edge-triggered cell FDRE clocked by clk_fpga_0  {rise@0.000ns fall@5.000ns period=10.000ns})
  Destination:            design_1_i/axi_smc/inst/s00_entry_pipeline/s00_si_converter/inst/gen_axilite_conv.axilite_conv_inst/aw_addr_reg[11]/D
                            (rising edge-triggered cell FDRE clocked by clk_fpga_0  {rise@0.000ns fall@5.000ns period=10.000ns})
  Path Group:             clk_fpga_0
  Path Type:              Setup (Max at Slow Process Corner)
  Requirement:            10.000ns  (clk_fpga_0 rise@10.000ns - clk_fpga_0 rise@0.000ns)
  Data Path Delay:        6.594ns  (logic 2.315ns (35.106%)  route 4.279ns (64.894%))
  Logic Levels:           7  (CARRY4=1 LUT2=1 LUT4=4 LUT6=1)
  Clock Path Skew:        -0.106ns (DCD - SCD + CPR)
    Destination Clock Delay (DCD):    2.659ns = ( 12.659 - 10.000 ) 
    Source Clock Delay      (SCD):    2.994ns
    Clock Pessimism Removal (CPR):    0.229ns
  Clock Uncertainty:      0.154ns  ((TSJ^2 + TIJ^2)^1/2 + DJ) / 2 + PE
    Total System Jitter     (TSJ):    0.071ns
    Total Input Jitter      (TIJ):    0.300ns
    Discrete Jitter          (DJ):    0.000ns
    Phase Error              (PE):    0.000ns

    Location             Delay type                Incr(ns)  Path(ns)    Netlist Resource(s)
  -------------------------------------------------------------------    -------------------
                         (clock clk_fpga_0 rise edge)
                                                      0.000     0.000 r  
    PS7_X0Y0             PS7                          0.000     0.000 r  design_1_i/processing_system7_0/inst/PS7_i/FCLKCLK[0]
                         net (fo=1, routed)           1.193     1.193    design_1_i/processing_system7_0/inst/FCLK_CLK_unbuffered[0]
    BUFGCTRL_X0Y16       BUFG (Prop_bufg_I_O)         0.101     1.294 r  design_1_i/processing_system7_0/inst/buffer_fclk_clk_0.FCLK_CLK_0_BUFG/O
                         net (fo=654, routed)         1.700     2.994    design_1_i/axi_smc/inst/s00_entry_pipeline/s00_mmu/inst/aw_reg_stall/aclk
    SLICE_X30Y97         FDRE                                         r  design_1_i/axi_smc/inst/s00_entry_pipeline/s00_mmu/inst/aw_reg_stall/m_vector_i_reg[1027]/C
  -------------------------------------------------------------------    -------------------
    SLICE_X30Y97         FDRE (Prop_fdre_C_Q)         0.518     3.512 f  design_1_i/axi_smc/inst/s00_entry_pipeline/s00_mmu/inst/aw_reg_stall/m_vector_i_reg[1027]/Q
                         net (fo=20, routed)          0.759     4.271    design_1_i/axi_smc/inst/s00_entry_pipeline/s00_si_converter/inst/gen_axilite_conv.axilite_conv_inst/s_axi_awsize[1]
    SLICE_X31Y95         LUT2 (Prop_lut2_I0_O)        0.150     4.421 f  design_1_i/axi_smc/inst/s00_entry_pipeline/s00_si_converter/inst/gen_axilite_conv.axilite_conv_inst/aw_addr[5]_i_3/O
                         net (fo=2, routed)           0.819     5.240    design_1_i/axi_smc/inst/s00_entry_pipeline/s00_si_converter/inst/gen_axilite_conv.axilite_conv_inst/aw_addr[5]_i_3_n_0
    SLICE_X31Y96         LUT4 (Prop_lut4_I1_O)        0.326     5.566 r  design_1_i/axi_smc/inst/s00_entry_pipeline/s00_si_converter/inst/gen_axilite_conv.axilite_conv_inst/aw_addr[4]_i_2/O
                         net (fo=3, routed)           0.629     6.195    design_1_i/axi_smc/inst/s00_entry_pipeline/s00_si_converter/inst/gen_axilite_conv.axilite_conv_inst/wrap_awaddr[4]
    SLICE_X32Y96         CARRY4 (Prop_carry4_DI[0]_O[3])
                                                      0.642     6.837 f  design_1_i/axi_smc/inst/s00_entry_pipeline/s00_si_converter/inst/gen_axilite_conv.axilite_conv_inst/aw_addr_reg[8]_i_22/O[3]
                         net (fo=2, routed)           0.605     7.442    design_1_i/axi_smc/inst/s00_entry_pipeline/s00_si_converter/inst/gen_axilite_conv.axilite_conv_inst/wrap_awaddr_limit[7]
    SLICE_X34Y97         LUT4 (Prop_lut4_I2_O)        0.307     7.749 r  design_1_i/axi_smc/inst/s00_entry_pipeline/s00_si_converter/inst/gen_axilite_conv.axilite_conv_inst/aw_addr[8]_i_21/O
                         net (fo=1, routed)           0.423     8.172    design_1_i/axi_smc/inst/s00_entry_pipeline/s00_si_converter/inst/gen_axilite_conv.axilite_conv_inst/aw_addr[8]_i_21_n_0
    SLICE_X34Y96         LUT6 (Prop_lut6_I1_O)        0.124     8.296 r  design_1_i/axi_smc/inst/s00_entry_pipeline/s00_si_converter/inst/gen_axilite_conv.axilite_conv_inst/aw_addr[8]_i_14/O
                         net (fo=1, routed)           0.574     8.870    design_1_i/axi_smc/inst/s00_entry_pipeline/s00_si_converter/inst/gen_axilite_conv.axilite_conv_inst/aw_addr[8]_i_14_n_0
    SLICE_X35Y97         LUT4 (Prop_lut4_I1_O)        0.124     8.994 r  design_1_i/axi_smc/inst/s00_entry_pipeline/s00_si_converter/inst/gen_axilite_conv.axilite_conv_inst/aw_addr[8]_i_8/O
                         net (fo=12, routed)          0.471     9.464    design_1_i/axi_smc/inst/s00_entry_pipeline/s00_si_converter/inst/gen_axilite_conv.axilite_conv_inst/aw_addr[8]_i_8_n_0
    SLICE_X32Y98         LUT4 (Prop_lut4_I2_O)        0.124     9.588 r  design_1_i/axi_smc/inst/s00_entry_pipeline/s00_si_converter/inst/gen_axilite_conv.axilite_conv_inst/aw_addr[11]_i_1/O
                         net (fo=1, routed)           0.000     9.588    design_1_i/axi_smc/inst/s00_entry_pipeline/s00_si_converter/inst/gen_axilite_conv.axilite_conv_inst/aw_addr[11]
    SLICE_X32Y98         FDRE                                         r  design_1_i/axi_smc/inst/s00_entry_pipeline/s00_si_converter/inst/gen_axilite_conv.axilite_conv_inst/aw_addr_reg[11]/D
  -------------------------------------------------------------------    -------------------

                         (clock clk_fpga_0 rise edge)
                                                     10.000    10.000 r  
    PS7_X0Y0             PS7                          0.000    10.000 r  design_1_i/processing_system7_0/inst/PS7_i/FCLKCLK[0]
                         net (fo=1, routed)           1.088    11.088    design_1_i/processing_system7_0/inst/FCLK_CLK_unbuffered[0]
    BUFGCTRL_X0Y16       BUFG (Prop_bufg_I_O)         0.091    11.179 r  design_1_i/processing_system7_0/inst/buffer_fclk_clk_0.FCLK_CLK_0_BUFG/O
                         net (fo=654, routed)         1.480    12.659    design_1_i/axi_smc/inst/s00_entry_pipeline/s00_si_converter/inst/gen_axilite_conv.axilite_conv_inst/aclk
    SLICE_X32Y98         FDRE                                         r  design_1_i/axi_smc/inst/s00_entry_pipeline/s00_si_converter/inst/gen_axilite_conv.axilite_conv_inst/aw_addr_reg[11]/C
                         clock pessimism              0.229    12.888    
                         clock uncertainty           -0.154    12.734    
    SLICE_X32Y98         FDRE (Setup_fdre_C_D)        0.077    12.811    design_1_i/axi_smc/inst/s00_entry_pipeline/s00_si_converter/inst/gen_axilite_conv.axilite_conv_inst/aw_addr_reg[11]
  -------------------------------------------------------------------
                         required time                         12.811    
                         arrival time                          -9.588    
  -------------------------------------------------------------------
                         slack                                  3.223    

Slack (MET) :             3.223ns  (required time - arrival time)
  Source:                 design_1_i/axi_smc/inst/s00_entry_pipeline/s00_mmu/inst/aw_reg_stall/m_vector_i_reg[1027]/C
                            (rising edge-triggered cell FDRE clocked by clk_fpga_0  {rise@0.000ns fall@5.000ns period=10.000ns})
  Destination:            design_1_i/axi_smc/inst/s00_entry_pipeline/s00_si_converter/inst/gen_axilite_conv.axilite_conv_inst/aw_addr_reg[4]/D
                            (rising edge-triggered cell FDRE clocked by clk_fpga_0  {rise@0.000ns fall@5.000ns period=10.000ns})
  Path Group:             clk_fpga_0
  Path Type:              Setup (Max at Slow Process Corner)
  Requirement:            10.000ns  (clk_fpga_0 rise@10.000ns - clk_fpga_0 rise@0.000ns)
  Data Path Delay:        6.594ns  (logic 2.315ns (35.106%)  route 4.279ns (64.894%))
  Logic Levels:           7  (CARRY4=1 LUT2=1 LUT4=3 LUT5=1 LUT6=1)
  Clock Path Skew:        -0.106ns (DCD - SCD + CPR)
    Destination Clock Delay (DCD):    2.659ns = ( 12.659 - 10.000 ) 
    Source Clock Delay      (SCD):    2.994ns
    Clock Pessimism Removal (CPR):    0.229ns
  Clock Uncertainty:      0.154ns  ((TSJ^2 + TIJ^2)^1/2 + DJ) / 2 + PE
    Total System Jitter     (TSJ):    0.071ns
    Total Input Jitter      (TIJ):    0.300ns
    Discrete Jitter          (DJ):    0.000ns
    Phase Error              (PE):    0.000ns

    Location             Delay type                Incr(ns)  Path(ns)    Netlist Resource(s)
  -------------------------------------------------------------------    -------------------
                         (clock clk_fpga_0 rise edge)
                                                      0.000     0.000 r  
    PS7_X0Y0             PS7                          0.000     0.000 r  design_1_i/processing_system7_0/inst/PS7_i/FCLKCLK[0]
                         net (fo=1, routed)           1.193     1.193    design_1_i/processing_system7_0/inst/FCLK_CLK_unbuffered[0]
    BUFGCTRL_X0Y16       BUFG (Prop_bufg_I_O)         0.101     1.294 r  design_1_i/processing_system7_0/inst/buffer_fclk_clk_0.FCLK_CLK_0_BUFG/O
                         net (fo=654, routed)         1.700     2.994    design_1_i/axi_smc/inst/s00_entry_pipeline/s00_mmu/inst/aw_reg_stall/aclk
    SLICE_X30Y97         FDRE                                         r  design_1_i/axi_smc/inst/s00_entry_pipeline/s00_mmu/inst/aw_reg_stall/m_vector_i_reg[1027]/C
  -------------------------------------------------------------------    -------------------
    SLICE_X30Y97         FDRE (Prop_fdre_C_Q)         0.518     3.512 f  design_1_i/axi_smc/inst/s00_entry_pipeline/s00_mmu/inst/aw_reg_stall/m_vector_i_reg[1027]/Q
                         net (fo=20, routed)          0.759     4.271    design_1_i/axi_smc/inst/s00_entry_pipeline/s00_si_converter/inst/gen_axilite_conv.axilite_conv_inst/s_axi_awsize[1]
    SLICE_X31Y95         LUT2 (Prop_lut2_I0_O)        0.150     4.421 f  design_1_i/axi_smc/inst/s00_entry_pipeline/s00_si_converter/inst/gen_axilite_conv.axilite_conv_inst/aw_addr[5]_i_3/O
                         net (fo=2, routed)           0.819     5.240    design_1_i/axi_smc/inst/s00_entry_pipeline/s00_si_converter/inst/gen_axilite_conv.axilite_conv_inst/aw_addr[5]_i_3_n_0
    SLICE_X31Y96         LUT4 (Prop_lut4_I1_O)        0.326     5.566 r  design_1_i/axi_smc/inst/s00_entry_pipeline/s00_si_converter/inst/gen_axilite_conv.axilite_conv_inst/aw_addr[4]_i_2/O
                         net (fo=3, routed)           0.629     6.195    design_1_i/axi_smc/inst/s00_entry_pipeline/s00_si_converter/inst/gen_axilite_conv.axilite_conv_inst/wrap_awaddr[4]
    SLICE_X32Y96         CARRY4 (Prop_carry4_DI[0]_O[3])
                                                      0.642     6.837 f  design_1_i/axi_smc/inst/s00_entry_pipeline/s00_si_converter/inst/gen_axilite_conv.axilite_conv_inst/aw_addr_reg[8]_i_22/O[3]
                         net (fo=2, routed)           0.605     7.442    design_1_i/axi_smc/inst/s00_entry_pipeline/s00_si_converter/inst/gen_axilite_conv.axilite_conv_inst/wrap_awaddr_limit[7]
    SLICE_X34Y97         LUT4 (Prop_lut4_I2_O)        0.307     7.749 r  design_1_i/axi_smc/inst/s00_entry_pipeline/s00_si_converter/inst/gen_axilite_conv.axilite_conv_inst/aw_addr[8]_i_21/O
                         net (fo=1, routed)           0.423     8.172    design_1_i/axi_smc/inst/s00_entry_pipeline/s00_si_converter/inst/gen_axilite_conv.axilite_conv_inst/aw_addr[8]_i_21_n_0
    SLICE_X34Y96         LUT6 (Prop_lut6_I1_O)        0.124     8.296 r  design_1_i/axi_smc/inst/s00_entry_pipeline/s00_si_converter/inst/gen_axilite_conv.axilite_conv_inst/aw_addr[8]_i_14/O
                         net (fo=1, routed)           0.574     8.870    design_1_i/axi_smc/inst/s00_entry_pipeline/s00_si_converter/inst/gen_axilite_conv.axilite_conv_inst/aw_addr[8]_i_14_n_0
    SLICE_X35Y97         LUT4 (Prop_lut4_I1_O)        0.124     8.994 r  design_1_i/axi_smc/inst/s00_entry_pipeline/s00_si_converter/inst/gen_axilite_conv.axilite_conv_inst/aw_addr[8]_i_8/O
                         net (fo=12, routed)          0.470     9.464    design_1_i/axi_smc/inst/s00_entry_pipeline/s00_si_converter/inst/gen_axilite_conv.axilite_conv_inst/aw_addr[8]_i_8_n_0
    SLICE_X34Y96         LUT5 (Prop_lut5_I1_O)        0.124     9.588 r  design_1_i/axi_smc/inst/s00_entry_pipeline/s00_si_converter/inst/gen_axilite_conv.axilite_conv_inst/aw_addr[4]_i_1/O
                         net (fo=1, routed)           0.000     9.588    design_1_i/axi_smc/inst/s00_entry_pipeline/s00_si_converter/inst/gen_axilite_conv.axilite_conv_inst/aw_addr[4]
    SLICE_X34Y96         FDRE                                         r  design_1_i/axi_smc/inst/s00_entry_pipeline/s00_si_converter/inst/gen_axilite_conv.axilite_conv_inst/aw_addr_reg[4]/D
  -------------------------------------------------------------------    -------------------

                         (clock clk_fpga_0 rise edge)
                                                     10.000    10.000 r  
    PS7_X0Y0             PS7                          0.000    10.000 r  design_1_i/processing_system7_0/inst/PS7_i/FCLKCLK[0]
                         net (fo=1, routed)           1.088    11.088    design_1_i/processing_system7_0/inst/FCLK_CLK_unbuffered[0]
    BUFGCTRL_X0Y16       BUFG (Prop_bufg_I_O)         0.091    11.179 r  design_1_i/processing_system7_0/inst/buffer_fclk_clk_0.FCLK_CLK_0_BUFG/O
                         net (fo=654, routed)         1.480    12.659    design_1_i/axi_smc/inst/s00_entry_pipeline/s00_si_converter/inst/gen_axilite_conv.axilite_conv_inst/aclk
    SLICE_X34Y96         FDRE                                         r  design_1_i/axi_smc/inst/s00_entry_pipeline/s00_si_converter/inst/gen_axilite_conv.axilite_conv_inst/aw_addr_reg[4]/C
                         clock pessimism              0.229    12.888    
                         clock uncertainty           -0.154    12.734    
    SLICE_X34Y96         FDRE (Setup_fdre_C_D)        0.077    12.811    design_1_i/axi_smc/inst/s00_entry_pipeline/s00_si_converter/inst/gen_axilite_conv.axilite_conv_inst/aw_addr_reg[4]
  -------------------------------------------------------------------
                         required time                         12.811    
                         arrival time                          -9.588    
  -------------------------------------------------------------------
                         slack                                  3.223    





Min Delay Paths
--------------------------------------------------------------------------------------
Slack (MET) :             0.046ns  (arrival time - required time)
  Source:                 design_1_i/axi_smc/inst/clk_map/psr_aclk/U0/EXT_LPF/lpf_int_reg/C
                            (rising edge-triggered cell FDRE clocked by clk_fpga_0  {rise@0.000ns fall@5.000ns period=10.000ns})
  Destination:            design_1_i/axi_smc/inst/clk_map/psr_aclk/U0/SEQ/Core_reg/S
                            (rising edge-triggered cell FDSE clocked by clk_fpga_0  {rise@0.000ns fall@5.000ns period=10.000ns})
  Path Group:             clk_fpga_0
  Path Type:              Hold (Min at Fast Process Corner)
  Requirement:            0.000ns  (clk_fpga_0 rise@0.000ns - clk_fpga_0 rise@0.000ns)
  Data Path Delay:        0.378ns  (logic 0.141ns (37.323%)  route 0.237ns (62.677%))
  Logic Levels:           0  
  Clock Path Skew:        0.349ns (DCD - SCD - CPR)
    Destination Clock Delay (DCD):    1.277ns
    Source Clock Delay      (SCD):    0.893ns
    Clock Pessimism Removal (CPR):    0.035ns

    Location             Delay type                Incr(ns)  Path(ns)    Netlist Resource(s)
  -------------------------------------------------------------------    -------------------
                         (clock clk_fpga_0 rise edge)
                                                      0.000     0.000 r  
    PS7_X0Y0             PS7                          0.000     0.000 r  design_1_i/processing_system7_0/inst/PS7_i/FCLKCLK[0]
                         net (fo=1, routed)           0.310     0.310    design_1_i/processing_system7_0/inst/FCLK_CLK_unbuffered[0]
    BUFGCTRL_X0Y16       BUFG (Prop_bufg_I_O)         0.026     0.336 r  design_1_i/processing_system7_0/inst/buffer_fclk_clk_0.FCLK_CLK_0_BUFG/O
                         net (fo=654, routed)         0.557     0.893    design_1_i/axi_smc/inst/clk_map/psr_aclk/U0/EXT_LPF/aclk
    SLICE_X39Y98         FDRE                                         r  design_1_i/axi_smc/inst/clk_map/psr_aclk/U0/EXT_LPF/lpf_int_reg/C
  -------------------------------------------------------------------    -------------------
    SLICE_X39Y98         FDRE (Prop_fdre_C_Q)         0.141     1.034 r  design_1_i/axi_smc/inst/clk_map/psr_aclk/U0/EXT_LPF/lpf_int_reg/Q
                         net (fo=4, routed)           0.237     1.270    design_1_i/axi_smc/inst/clk_map/psr_aclk/U0/SEQ/lpf_int
    SLICE_X39Y101        FDSE                                         r  design_1_i/axi_smc/inst/clk_map/psr_aclk/U0/SEQ/Core_reg/S
  -------------------------------------------------------------------    -------------------

                         (clock clk_fpga_0 rise edge)
                                                      0.000     0.000 r  
    PS7_X0Y0             PS7                          0.000     0.000 r  design_1_i/processing_system7_0/inst/PS7_i/FCLKCLK[0]
                         net (fo=1, routed)           0.337     0.337    design_1_i/processing_system7_0/inst/FCLK_CLK_unbuffered[0]
    BUFGCTRL_X0Y16       BUFG (Prop_bufg_I_O)         0.029     0.366 r  design_1_i/processing_system7_0/inst/buffer_fclk_clk_0.FCLK_CLK_0_BUFG/O
                         net (fo=654, routed)         0.911     1.277    design_1_i/axi_smc/inst/clk_map/psr_aclk/U0/SEQ/aclk
    SLICE_X39Y101        FDSE                                         r  design_1_i/axi_smc/inst/clk_map/psr_aclk/U0/SEQ/Core_reg/C
                         clock pessimism             -0.035     1.242    
    SLICE_X39Y101        FDSE (Hold_fdse_C_S)        -0.018     1.224    design_1_i/axi_smc/inst/clk_map/psr_aclk/U0/SEQ/Core_reg
  -------------------------------------------------------------------
                         required time                         -1.224    
                         arrival time                           1.270    
  -------------------------------------------------------------------
                         slack                                  0.046    

Slack (MET) :             0.046ns  (arrival time - required time)
  Source:                 design_1_i/axi_smc/inst/clk_map/psr_aclk/U0/EXT_LPF/lpf_int_reg/C
                            (rising edge-triggered cell FDRE clocked by clk_fpga_0  {rise@0.000ns fall@5.000ns period=10.000ns})
  Destination:            design_1_i/axi_smc/inst/clk_map/psr_aclk/U0/SEQ/bsr_reg/S
                            (rising edge-triggered cell FDSE clocked by clk_fpga_0  {rise@0.000ns fall@5.000ns period=10.000ns})
  Path Group:             clk_fpga_0
  Path Type:              Hold (Min at Fast Process Corner)
  Requirement:            0.000ns  (clk_fpga_0 rise@0.000ns - clk_fpga_0 rise@0.000ns)
  Data Path Delay:        0.378ns  (logic 0.141ns (37.323%)  route 0.237ns (62.677%))
  Logic Levels:           0  
  Clock Path Skew:        0.349ns (DCD - SCD - CPR)
    Destination Clock Delay (DCD):    1.277ns
    Source Clock Delay      (SCD):    0.893ns
    Clock Pessimism Removal (CPR):    0.035ns

    Location             Delay type                Incr(ns)  Path(ns)    Netlist Resource(s)
  -------------------------------------------------------------------    -------------------
                         (clock clk_fpga_0 rise edge)
                                                      0.000     0.000 r  
    PS7_X0Y0             PS7                          0.000     0.000 r  design_1_i/processing_system7_0/inst/PS7_i/FCLKCLK[0]
                         net (fo=1, routed)           0.310     0.310    design_1_i/processing_system7_0/inst/FCLK_CLK_unbuffered[0]
    BUFGCTRL_X0Y16       BUFG (Prop_bufg_I_O)         0.026     0.336 r  design_1_i/processing_system7_0/inst/buffer_fclk_clk_0.FCLK_CLK_0_BUFG/O
                         net (fo=654, routed)         0.557     0.893    design_1_i/axi_smc/inst/clk_map/psr_aclk/U0/EXT_LPF/aclk
    SLICE_X39Y98         FDRE                                         r  design_1_i/axi_smc/inst/clk_map/psr_aclk/U0/EXT_LPF/lpf_int_reg/C
  -------------------------------------------------------------------    -------------------
    SLICE_X39Y98         FDRE (Prop_fdre_C_Q)         0.141     1.034 r  design_1_i/axi_smc/inst/clk_map/psr_aclk/U0/EXT_LPF/lpf_int_reg/Q
                         net (fo=4, routed)           0.237     1.270    design_1_i/axi_smc/inst/clk_map/psr_aclk/U0/SEQ/lpf_int
    SLICE_X39Y101        FDSE                                         r  design_1_i/axi_smc/inst/clk_map/psr_aclk/U0/SEQ/bsr_reg/S
  -------------------------------------------------------------------    -------------------

                         (clock clk_fpga_0 rise edge)
                                                      0.000     0.000 r  
    PS7_X0Y0             PS7                          0.000     0.000 r  design_1_i/processing_system7_0/inst/PS7_i/FCLKCLK[0]
                         net (fo=1, routed)           0.337     0.337    design_1_i/processing_system7_0/inst/FCLK_CLK_unbuffered[0]
    BUFGCTRL_X0Y16       BUFG (Prop_bufg_I_O)         0.029     0.366 r  design_1_i/processing_system7_0/inst/buffer_fclk_clk_0.FCLK_CLK_0_BUFG/O
                         net (fo=654, routed)         0.911     1.277    design_1_i/axi_smc/inst/clk_map/psr_aclk/U0/SEQ/aclk
    SLICE_X39Y101        FDSE                                         r  design_1_i/axi_smc/inst/clk_map/psr_aclk/U0/SEQ/bsr_reg/C
                         clock pessimism             -0.035     1.242    
    SLICE_X39Y101        FDSE (Hold_fdse_C_S)        -0.018     1.224    design_1_i/axi_smc/inst/clk_map/psr_aclk/U0/SEQ/bsr_reg
  -------------------------------------------------------------------
                         required time                         -1.224    
                         arrival time                           1.270    
  -------------------------------------------------------------------
                         slack                                  0.046    

Slack (MET) :             0.046ns  (arrival time - required time)
  Source:                 design_1_i/axi_smc/inst/clk_map/psr_aclk/U0/EXT_LPF/lpf_int_reg/C
                            (rising edge-triggered cell FDRE clocked by clk_fpga_0  {rise@0.000ns fall@5.000ns period=10.000ns})
  Destination:            design_1_i/axi_smc/inst/clk_map/psr_aclk/U0/SEQ/from_sys_reg/S
                            (rising edge-triggered cell FDSE clocked by clk_fpga_0  {rise@0.000ns fall@5.000ns period=10.000ns})
  Path Group:             clk_fpga_0
  Path Type:              Hold (Min at Fast Process Corner)
  Requirement:            0.000ns  (clk_fpga_0 rise@0.000ns - clk_fpga_0 rise@0.000ns)
  Data Path Delay:        0.378ns  (logic 0.141ns (37.323%)  route 0.237ns (62.677%))
  Logic Levels:           0  
  Clock Path Skew:        0.349ns (DCD - SCD - CPR)
    Destination Clock Delay (DCD):    1.277ns
    Source Clock Delay      (SCD):    0.893ns
    Clock Pessimism Removal (CPR):    0.035ns

    Location             Delay type                Incr(ns)  Path(ns)    Netlist Resource(s)
  -------------------------------------------------------------------    -------------------
                         (clock clk_fpga_0 rise edge)
                                                      0.000     0.000 r  
    PS7_X0Y0             PS7                          0.000     0.000 r  design_1_i/processing_system7_0/inst/PS7_i/FCLKCLK[0]
                         net (fo=1, routed)           0.310     0.310    design_1_i/processing_system7_0/inst/FCLK_CLK_unbuffered[0]
    BUFGCTRL_X0Y16       BUFG (Prop_bufg_I_O)         0.026     0.336 r  design_1_i/processing_system7_0/inst/buffer_fclk_clk_0.FCLK_CLK_0_BUFG/O
                         net (fo=654, routed)         0.557     0.893    design_1_i/axi_smc/inst/clk_map/psr_aclk/U0/EXT_LPF/aclk
    SLICE_X39Y98         FDRE                                         r  design_1_i/axi_smc/inst/clk_map/psr_aclk/U0/EXT_LPF/lpf_int_reg/C
  -------------------------------------------------------------------    -------------------
    SLICE_X39Y98         FDRE (Prop_fdre_C_Q)         0.141     1.034 r  design_1_i/axi_smc/inst/clk_map/psr_aclk/U0/EXT_LPF/lpf_int_reg/Q
                         net (fo=4, routed)           0.237     1.270    design_1_i/axi_smc/inst/clk_map/psr_aclk/U0/SEQ/lpf_int
    SLICE_X39Y101        FDSE                                         r  design_1_i/axi_smc/inst/clk_map/psr_aclk/U0/SEQ/from_sys_reg/S
  -------------------------------------------------------------------    -------------------

                         (clock clk_fpga_0 rise edge)
                                                      0.000     0.000 r  
    PS7_X0Y0             PS7                          0.000     0.000 r  design_1_i/processing_system7_0/inst/PS7_i/FCLKCLK[0]
                         net (fo=1, routed)           0.337     0.337    design_1_i/processing_system7_0/inst/FCLK_CLK_unbuffered[0]
    BUFGCTRL_X0Y16       BUFG (Prop_bufg_I_O)         0.029     0.366 r  design_1_i/processing_system7_0/inst/buffer_fclk_clk_0.FCLK_CLK_0_BUFG/O
                         net (fo=654, routed)         0.911     1.277    design_1_i/axi_smc/inst/clk_map/psr_aclk/U0/SEQ/aclk
    SLICE_X39Y101        FDSE                                         r  design_1_i/axi_smc/inst/clk_map/psr_aclk/U0/SEQ/from_sys_reg/C
                         clock pessimism             -0.035     1.242    
    SLICE_X39Y101        FDSE (Hold_fdse_C_S)        -0.018     1.224    design_1_i/axi_smc/inst/clk_map/psr_aclk/U0/SEQ/from_sys_reg
  -------------------------------------------------------------------
                         required time                         -1.224    
                         arrival time                           1.270    
  -------------------------------------------------------------------
                         slack                                  0.046    

Slack (MET) :             0.046ns  (arrival time - required time)
  Source:                 design_1_i/axi_smc/inst/clk_map/psr_aclk/U0/EXT_LPF/lpf_int_reg/C
                            (rising edge-triggered cell FDRE clocked by clk_fpga_0  {rise@0.000ns fall@5.000ns period=10.000ns})
  Destination:            design_1_i/axi_smc/inst/clk_map/psr_aclk/U0/SEQ/seq_clr_reg/R
                            (rising edge-triggered cell FDRE clocked by clk_fpga_0  {rise@0.000ns fall@5.000ns period=10.000ns})
  Path Group:             clk_fpga_0
  Path Type:              Hold (Min at Fast Process Corner)
  Requirement:            0.000ns  (clk_fpga_0 rise@0.000ns - clk_fpga_0 rise@0.000ns)
  Data Path Delay:        0.378ns  (logic 0.141ns (37.323%)  route 0.237ns (62.677%))
  Logic Levels:           0  
  Clock Path Skew:        0.349ns (DCD - SCD - CPR)
    Destination Clock Delay (DCD):    1.277ns
    Source Clock Delay      (SCD):    0.893ns
    Clock Pessimism Removal (CPR):    0.035ns

    Location             Delay type                Incr(ns)  Path(ns)    Netlist Resource(s)
  -------------------------------------------------------------------    -------------------
                         (clock clk_fpga_0 rise edge)
                                                      0.000     0.000 r  
    PS7_X0Y0             PS7                          0.000     0.000 r  design_1_i/processing_system7_0/inst/PS7_i/FCLKCLK[0]
                         net (fo=1, routed)           0.310     0.310    design_1_i/processing_system7_0/inst/FCLK_CLK_unbuffered[0]
    BUFGCTRL_X0Y16       BUFG (Prop_bufg_I_O)         0.026     0.336 r  design_1_i/processing_system7_0/inst/buffer_fclk_clk_0.FCLK_CLK_0_BUFG/O
                         net (fo=654, routed)         0.557     0.893    design_1_i/axi_smc/inst/clk_map/psr_aclk/U0/EXT_LPF/aclk
    SLICE_X39Y98         FDRE                                         r  design_1_i/axi_smc/inst/clk_map/psr_aclk/U0/EXT_LPF/lpf_int_reg/C
  -------------------------------------------------------------------    -------------------
    SLICE_X39Y98         FDRE (Prop_fdre_C_Q)         0.141     1.034 r  design_1_i/axi_smc/inst/clk_map/psr_aclk/U0/EXT_LPF/lpf_int_reg/Q
                         net (fo=4, routed)           0.237     1.270    design_1_i/axi_smc/inst/clk_map/psr_aclk/U0/SEQ/lpf_int
    SLICE_X39Y101        FDRE                                         r  design_1_i/axi_smc/inst/clk_map/psr_aclk/U0/SEQ/seq_clr_reg/R
  -------------------------------------------------------------------    -------------------

                         (clock clk_fpga_0 rise edge)
                                                      0.000     0.000 r  
    PS7_X0Y0             PS7                          0.000     0.000 r  design_1_i/processing_system7_0/inst/PS7_i/FCLKCLK[0]
                         net (fo=1, routed)           0.337     0.337    design_1_i/processing_system7_0/inst/FCLK_CLK_unbuffered[0]
    BUFGCTRL_X0Y16       BUFG (Prop_bufg_I_O)         0.029     0.366 r  design_1_i/processing_system7_0/inst/buffer_fclk_clk_0.FCLK_CLK_0_BUFG/O
                         net (fo=654, routed)         0.911     1.277    design_1_i/axi_smc/inst/clk_map/psr_aclk/U0/SEQ/aclk
    SLICE_X39Y101        FDRE                                         r  design_1_i/axi_smc/inst/clk_map/psr_aclk/U0/SEQ/seq_clr_reg/C
                         clock pessimism             -0.035     1.242    
    SLICE_X39Y101        FDRE (Hold_fdre_C_R)        -0.018     1.224    design_1_i/axi_smc/inst/clk_map/psr_aclk/U0/SEQ/seq_clr_reg
  -------------------------------------------------------------------
                         required time                         -1.224    
                         arrival time                           1.270    
  -------------------------------------------------------------------
                         slack                                  0.046    

Slack (MET) :             0.106ns  (arrival time - required time)
  Source:                 design_1_i/axi_smc/inst/s00_entry_pipeline/s00_si_converter/inst/gen_axilite_conv.axilite_conv_inst/r_cnt_words_reg[0]/C
                            (rising edge-triggered cell FDRE clocked by clk_fpga_0  {rise@0.000ns fall@5.000ns period=10.000ns})
  Destination:            design_1_i/axi_smc/inst/s00_entry_pipeline/s00_si_converter/inst/gen_axilite_conv.axilite_conv_inst/ar_cnt_reg[0]/D
                            (rising edge-triggered cell FDRE clocked by clk_fpga_0  {rise@0.000ns fall@5.000ns period=10.000ns})
  Path Group:             clk_fpga_0
  Path Type:              Hold (Min at Fast Process Corner)
  Requirement:            0.000ns  (clk_fpga_0 rise@0.000ns - clk_fpga_0 rise@0.000ns)
  Data Path Delay:        0.240ns  (logic 0.186ns (77.466%)  route 0.054ns (22.534%))
  Logic Levels:           1  (LUT6=1)
  Clock Path Skew:        0.013ns (DCD - SCD - CPR)
    Destination Clock Delay (DCD):    1.190ns
    Source Clock Delay      (SCD):    0.893ns
    Clock Pessimism Removal (CPR):    0.284ns

    Location             Delay type                Incr(ns)  Path(ns)    Netlist Resource(s)
  -------------------------------------------------------------------    -------------------
                         (clock clk_fpga_0 rise edge)
                                                      0.000     0.000 r  
    PS7_X0Y0             PS7                          0.000     0.000 r  design_1_i/processing_system7_0/inst/PS7_i/FCLKCLK[0]
                         net (fo=1, routed)           0.310     0.310    design_1_i/processing_system7_0/inst/FCLK_CLK_unbuffered[0]
    BUFGCTRL_X0Y16       BUFG (Prop_bufg_I_O)         0.026     0.336 r  design_1_i/processing_system7_0/inst/buffer_fclk_clk_0.FCLK_CLK_0_BUFG/O
                         net (fo=654, routed)         0.557     0.893    design_1_i/axi_smc/inst/s00_entry_pipeline/s00_si_converter/inst/gen_axilite_conv.axilite_conv_inst/aclk
    SLICE_X35Y91         FDRE                                         r  design_1_i/axi_smc/inst/s00_entry_pipeline/s00_si_converter/inst/gen_axilite_conv.axilite_conv_inst/r_cnt_words_reg[0]/C
  -------------------------------------------------------------------    -------------------
    SLICE_X35Y91         FDRE (Prop_fdre_C_Q)         0.141     1.034 r  design_1_i/axi_smc/inst/s00_entry_pipeline/s00_si_converter/inst/gen_axilite_conv.axilite_conv_inst/r_cnt_words_reg[0]/Q
                         net (fo=1, routed)           0.054     1.088    design_1_i/axi_smc/inst/s00_entry_pipeline/s00_si_converter/inst/gen_axilite_conv.axilite_conv_inst/r_cnt_words[0]
    SLICE_X34Y91         LUT6 (Prop_lut6_I1_O)        0.045     1.133 r  design_1_i/axi_smc/inst/s00_entry_pipeline/s00_si_converter/inst/gen_axilite_conv.axilite_conv_inst/ar_cnt[0]_i_1/O
                         net (fo=1, routed)           0.000     1.133    design_1_i/axi_smc/inst/s00_entry_pipeline/s00_si_converter/inst/gen_axilite_conv.axilite_conv_inst/ar_cnt[0]_i_1_n_0
    SLICE_X34Y91         FDRE                                         r  design_1_i/axi_smc/inst/s00_entry_pipeline/s00_si_converter/inst/gen_axilite_conv.axilite_conv_inst/ar_cnt_reg[0]/D
  -------------------------------------------------------------------    -------------------

                         (clock clk_fpga_0 rise edge)
                                                      0.000     0.000 r  
    PS7_X0Y0             PS7                          0.000     0.000 r  design_1_i/processing_system7_0/inst/PS7_i/FCLKCLK[0]
                         net (fo=1, routed)           0.337     0.337    design_1_i/processing_system7_0/inst/FCLK_CLK_unbuffered[0]
    BUFGCTRL_X0Y16       BUFG (Prop_bufg_I_O)         0.029     0.366 r  design_1_i/processing_system7_0/inst/buffer_fclk_clk_0.FCLK_CLK_0_BUFG/O
                         net (fo=654, routed)         0.824     1.190    design_1_i/axi_smc/inst/s00_entry_pipeline/s00_si_converter/inst/gen_axilite_conv.axilite_conv_inst/aclk
    SLICE_X34Y91         FDRE                                         r  design_1_i/axi_smc/inst/s00_entry_pipeline/s00_si_converter/inst/gen_axilite_conv.axilite_conv_inst/ar_cnt_reg[0]/C
                         clock pessimism             -0.284     0.906    
    SLICE_X34Y91         FDRE (Hold_fdre_C_D)         0.121     1.027    design_1_i/axi_smc/inst/s00_entry_pipeline/s00_si_converter/inst/gen_axilite_conv.axilite_conv_inst/ar_cnt_reg[0]
  -------------------------------------------------------------------
                         required time                         -1.027    
                         arrival time                           1.133    
  -------------------------------------------------------------------
                         slack                                  0.106    

Slack (MET) :             0.118ns  (arrival time - required time)
  Source:                 design_1_i/rst_ps7_0_50M/U0/EXT_LPF/EXT_LPF[2].exr_lpf_reg[2]/C
                            (rising edge-triggered cell FDRE clocked by clk_fpga_0  {rise@0.000ns fall@5.000ns period=10.000ns})
  Destination:            design_1_i/rst_ps7_0_50M/U0/EXT_LPF/lpf_exr_reg/D
                            (rising edge-triggered cell FDRE clocked by clk_fpga_0  {rise@0.000ns fall@5.000ns period=10.000ns})
  Path Group:             clk_fpga_0
  Path Type:              Hold (Min at Fast Process Corner)
  Requirement:            0.000ns  (clk_fpga_0 rise@0.000ns - clk_fpga_0 rise@0.000ns)
  Data Path Delay:        0.252ns  (logic 0.186ns (73.721%)  route 0.066ns (26.279%))
  Logic Levels:           1  (LUT5=1)
  Clock Path Skew:        0.013ns (DCD - SCD - CPR)
    Destination Clock Delay (DCD):    1.186ns
    Source Clock Delay      (SCD):    0.890ns
    Clock Pessimism Removal (CPR):    0.283ns

    Location             Delay type                Incr(ns)  Path(ns)    Netlist Resource(s)
  -------------------------------------------------------------------    -------------------
                         (clock clk_fpga_0 rise edge)
                                                      0.000     0.000 r  
    PS7_X0Y0             PS7                          0.000     0.000 r  design_1_i/processing_system7_0/inst/PS7_i/FCLKCLK[0]
                         net (fo=1, routed)           0.310     0.310    design_1_i/processing_system7_0/inst/FCLK_CLK_unbuffered[0]
    BUFGCTRL_X0Y16       BUFG (Prop_bufg_I_O)         0.026     0.336 r  design_1_i/processing_system7_0/inst/buffer_fclk_clk_0.FCLK_CLK_0_BUFG/O
                         net (fo=654, routed)         0.554     0.890    design_1_i/rst_ps7_0_50M/U0/EXT_LPF/slowest_sync_clk
    SLICE_X33Y85         FDRE                                         r  design_1_i/rst_ps7_0_50M/U0/EXT_LPF/EXT_LPF[2].exr_lpf_reg[2]/C
  -------------------------------------------------------------------    -------------------
    SLICE_X33Y85         FDRE (Prop_fdre_C_Q)         0.141     1.031 r  design_1_i/rst_ps7_0_50M/U0/EXT_LPF/EXT_LPF[2].exr_lpf_reg[2]/Q
                         net (fo=2, routed)           0.066     1.097    design_1_i/rst_ps7_0_50M/U0/EXT_LPF/p_1_in4_in
    SLICE_X32Y85         LUT5 (Prop_lut5_I1_O)        0.045     1.142 r  design_1_i/rst_ps7_0_50M/U0/EXT_LPF/lpf_exr_i_1/O
                         net (fo=1, routed)           0.000     1.142    design_1_i/rst_ps7_0_50M/U0/EXT_LPF/lpf_exr_i_1_n_0
    SLICE_X32Y85         FDRE                                         r  design_1_i/rst_ps7_0_50M/U0/EXT_LPF/lpf_exr_reg/D
  -------------------------------------------------------------------    -------------------

                         (clock clk_fpga_0 rise edge)
                                                      0.000     0.000 r  
    PS7_X0Y0             PS7                          0.000     0.000 r  design_1_i/processing_system7_0/inst/PS7_i/FCLKCLK[0]
                         net (fo=1, routed)           0.337     0.337    design_1_i/processing_system7_0/inst/FCLK_CLK_unbuffered[0]
    BUFGCTRL_X0Y16       BUFG (Prop_bufg_I_O)         0.029     0.366 r  design_1_i/processing_system7_0/inst/buffer_fclk_clk_0.FCLK_CLK_0_BUFG/O
                         net (fo=654, routed)         0.820     1.186    design_1_i/rst_ps7_0_50M/U0/EXT_LPF/slowest_sync_clk
    SLICE_X32Y85         FDRE                                         r  design_1_i/rst_ps7_0_50M/U0/EXT_LPF/lpf_exr_reg/C
                         clock pessimism             -0.283     0.903    
    SLICE_X32Y85         FDRE (Hold_fdre_C_D)         0.121     1.024    design_1_i/rst_ps7_0_50M/U0/EXT_LPF/lpf_exr_reg
  -------------------------------------------------------------------
                         required time                         -1.024    
                         arrival time                           1.142    
  -------------------------------------------------------------------
                         slack                                  0.118    

Slack (MET) :             0.118ns  (arrival time - required time)
  Source:                 design_1_i/rst_ps7_0_50M/U0/EXT_LPF/AUX_LPF[2].asr_lpf_reg[2]/C
                            (rising edge-triggered cell FDRE clocked by clk_fpga_0  {rise@0.000ns fall@5.000ns period=10.000ns})
  Destination:            design_1_i/rst_ps7_0_50M/U0/EXT_LPF/lpf_asr_reg/D
                            (rising edge-triggered cell FDRE clocked by clk_fpga_0  {rise@0.000ns fall@5.000ns period=10.000ns})
  Path Group:             clk_fpga_0
  Path Type:              Hold (Min at Fast Process Corner)
  Requirement:            0.000ns  (clk_fpga_0 rise@0.000ns - clk_fpga_0 rise@0.000ns)
  Data Path Delay:        0.252ns  (logic 0.186ns (73.721%)  route 0.066ns (26.279%))
  Logic Levels:           1  (LUT5=1)
  Clock Path Skew:        0.013ns (DCD - SCD - CPR)
    Destination Clock Delay (DCD):    1.186ns
    Source Clock Delay      (SCD):    0.889ns
    Clock Pessimism Removal (CPR):    0.284ns

    Location             Delay type                Incr(ns)  Path(ns)    Netlist Resource(s)
  -------------------------------------------------------------------    -------------------
                         (clock clk_fpga_0 rise edge)
                                                      0.000     0.000 r  
    PS7_X0Y0             PS7                          0.000     0.000 r  design_1_i/processing_system7_0/inst/PS7_i/FCLKCLK[0]
                         net (fo=1, routed)           0.310     0.310    design_1_i/processing_system7_0/inst/FCLK_CLK_unbuffered[0]
    BUFGCTRL_X0Y16       BUFG (Prop_bufg_I_O)         0.026     0.336 r  design_1_i/processing_system7_0/inst/buffer_fclk_clk_0.FCLK_CLK_0_BUFG/O
                         net (fo=654, routed)         0.553     0.889    design_1_i/rst_ps7_0_50M/U0/EXT_LPF/slowest_sync_clk
    SLICE_X37Y87         FDRE                                         r  design_1_i/rst_ps7_0_50M/U0/EXT_LPF/AUX_LPF[2].asr_lpf_reg[2]/C
  -------------------------------------------------------------------    -------------------
    SLICE_X37Y87         FDRE (Prop_fdre_C_Q)         0.141     1.030 r  design_1_i/rst_ps7_0_50M/U0/EXT_LPF/AUX_LPF[2].asr_lpf_reg[2]/Q
                         net (fo=2, routed)           0.066     1.096    design_1_i/rst_ps7_0_50M/U0/EXT_LPF/p_1_in
    SLICE_X36Y87         LUT5 (Prop_lut5_I1_O)        0.045     1.141 r  design_1_i/rst_ps7_0_50M/U0/EXT_LPF/lpf_asr_i_1/O
                         net (fo=1, routed)           0.000     1.141    design_1_i/rst_ps7_0_50M/U0/EXT_LPF/lpf_asr_i_1_n_0
    SLICE_X36Y87         FDRE                                         r  design_1_i/rst_ps7_0_50M/U0/EXT_LPF/lpf_asr_reg/D
  -------------------------------------------------------------------    -------------------

                         (clock clk_fpga_0 rise edge)
                                                      0.000     0.000 r  
    PS7_X0Y0             PS7                          0.000     0.000 r  design_1_i/processing_system7_0/inst/PS7_i/FCLKCLK[0]
                         net (fo=1, routed)           0.337     0.337    design_1_i/processing_system7_0/inst/FCLK_CLK_unbuffered[0]
    BUFGCTRL_X0Y16       BUFG (Prop_bufg_I_O)         0.029     0.366 r  design_1_i/processing_system7_0/inst/buffer_fclk_clk_0.FCLK_CLK_0_BUFG/O
                         net (fo=654, routed)         0.820     1.186    design_1_i/rst_ps7_0_50M/U0/EXT_LPF/slowest_sync_clk
    SLICE_X36Y87         FDRE                                         r  design_1_i/rst_ps7_0_50M/U0/EXT_LPF/lpf_asr_reg/C
                         clock pessimism             -0.284     0.902    
    SLICE_X36Y87         FDRE (Hold_fdre_C_D)         0.121     1.023    design_1_i/rst_ps7_0_50M/U0/EXT_LPF/lpf_asr_reg
  -------------------------------------------------------------------
                         required time                         -1.023    
                         arrival time                           1.141    
  -------------------------------------------------------------------
                         slack                                  0.118    

Slack (MET) :             0.122ns  (arrival time - required time)
  Source:                 design_1_i/axi_gpio_0/U0/gpio_core_1/Dual.INPUT_DOUBLE_REGS4/syncstages_ff_reg[0][0]/C
                            (rising edge-triggered cell FDRE clocked by clk_fpga_0  {rise@0.000ns fall@5.000ns period=10.000ns})
  Destination:            design_1_i/axi_gpio_0/U0/gpio_core_1/Dual.INPUT_DOUBLE_REGS4/syncstages_ff_reg[1][0]/D
                            (rising edge-triggered cell FDRE clocked by clk_fpga_0  {rise@0.000ns fall@5.000ns period=10.000ns})
  Path Group:             clk_fpga_0
  Path Type:              Hold (Min at Fast Process Corner)
  Requirement:            0.000ns  (clk_fpga_0 rise@0.000ns - clk_fpga_0 rise@0.000ns)
  Data Path Delay:        0.197ns  (logic 0.141ns (71.611%)  route 0.056ns (28.389%))
  Logic Levels:           0  
  Clock Path Skew:        0.000ns (DCD - SCD - CPR)
    Destination Clock Delay (DCD):    1.188ns
    Source Clock Delay      (SCD):    0.890ns
    Clock Pessimism Removal (CPR):    0.298ns

    Location             Delay type                Incr(ns)  Path(ns)    Netlist Resource(s)
  -------------------------------------------------------------------    -------------------
                         (clock clk_fpga_0 rise edge)
                                                      0.000     0.000 r  
    PS7_X0Y0             PS7                          0.000     0.000 r  design_1_i/processing_system7_0/inst/PS7_i/FCLKCLK[0]
                         net (fo=1, routed)           0.310     0.310    design_1_i/processing_system7_0/inst/FCLK_CLK_unbuffered[0]
    BUFGCTRL_X0Y16       BUFG (Prop_bufg_I_O)         0.026     0.336 r  design_1_i/processing_system7_0/inst/buffer_fclk_clk_0.FCLK_CLK_0_BUFG/O
                         net (fo=654, routed)         0.554     0.890    design_1_i/axi_gpio_0/U0/gpio_core_1/Dual.INPUT_DOUBLE_REGS4/dest_clk
    SLICE_X41Y88         FDRE                                         r  design_1_i/axi_gpio_0/U0/gpio_core_1/Dual.INPUT_DOUBLE_REGS4/syncstages_ff_reg[0][0]/C
  -------------------------------------------------------------------    -------------------
    SLICE_X41Y88         FDRE (Prop_fdre_C_Q)         0.141     1.031 r  design_1_i/axi_gpio_0/U0/gpio_core_1/Dual.INPUT_DOUBLE_REGS4/syncstages_ff_reg[0][0]/Q
                         net (fo=1, routed)           0.056     1.086    design_1_i/axi_gpio_0/U0/gpio_core_1/Dual.INPUT_DOUBLE_REGS4/syncstages_ff[0][0]
    SLICE_X41Y88         FDRE                                         r  design_1_i/axi_gpio_0/U0/gpio_core_1/Dual.INPUT_DOUBLE_REGS4/syncstages_ff_reg[1][0]/D
  -------------------------------------------------------------------    -------------------

                         (clock clk_fpga_0 rise edge)
                                                      0.000     0.000 r  
    PS7_X0Y0             PS7                          0.000     0.000 r  design_1_i/processing_system7_0/inst/PS7_i/FCLKCLK[0]
                         net (fo=1, routed)           0.337     0.337    design_1_i/processing_system7_0/inst/FCLK_CLK_unbuffered[0]
    BUFGCTRL_X0Y16       BUFG (Prop_bufg_I_O)         0.029     0.366 r  design_1_i/processing_system7_0/inst/buffer_fclk_clk_0.FCLK_CLK_0_BUFG/O
                         net (fo=654, routed)         0.822     1.188    design_1_i/axi_gpio_0/U0/gpio_core_1/Dual.INPUT_DOUBLE_REGS4/dest_clk
    SLICE_X41Y88         FDRE                                         r  design_1_i/axi_gpio_0/U0/gpio_core_1/Dual.INPUT_DOUBLE_REGS4/syncstages_ff_reg[1][0]/C
                         clock pessimism             -0.298     0.890    
    SLICE_X41Y88         FDRE (Hold_fdre_C_D)         0.075     0.965    design_1_i/axi_gpio_0/U0/gpio_core_1/Dual.INPUT_DOUBLE_REGS4/syncstages_ff_reg[1][0]
  -------------------------------------------------------------------
                         required time                         -0.965    
                         arrival time                           1.086    
  -------------------------------------------------------------------
                         slack                                  0.122    

Slack (MET) :             0.122ns  (arrival time - required time)
  Source:                 design_1_i/axi_smc/inst/m00_exit_pipeline/m00_exit/inst/xpm_cdc_async_rst_inst/arststages_ff_reg[0]/C
                            (rising edge-triggered cell FDCE clocked by clk_fpga_0  {rise@0.000ns fall@5.000ns period=10.000ns})
  Destination:            design_1_i/axi_smc/inst/m00_exit_pipeline/m00_exit/inst/xpm_cdc_async_rst_inst/arststages_ff_reg[1]/D
                            (rising edge-triggered cell FDCE clocked by clk_fpga_0  {rise@0.000ns fall@5.000ns period=10.000ns})
  Path Group:             clk_fpga_0
  Path Type:              Hold (Min at Fast Process Corner)
  Requirement:            0.000ns  (clk_fpga_0 rise@0.000ns - clk_fpga_0 rise@0.000ns)
  Data Path Delay:        0.197ns  (logic 0.141ns (71.611%)  route 0.056ns (28.389%))
  Logic Levels:           0  
  Clock Path Skew:        0.000ns (DCD - SCD - CPR)
    Destination Clock Delay (DCD):    1.277ns
    Source Clock Delay      (SCD):    0.975ns
    Clock Pessimism Removal (CPR):    0.302ns

    Location             Delay type                Incr(ns)  Path(ns)    Netlist Resource(s)
  -------------------------------------------------------------------    -------------------
                         (clock clk_fpga_0 rise edge)
                                                      0.000     0.000 r  
    PS7_X0Y0             PS7                          0.000     0.000 r  design_1_i/processing_system7_0/inst/PS7_i/FCLKCLK[0]
                         net (fo=1, routed)           0.310     0.310    design_1_i/processing_system7_0/inst/FCLK_CLK_unbuffered[0]
    BUFGCTRL_X0Y16       BUFG (Prop_bufg_I_O)         0.026     0.336 r  design_1_i/processing_system7_0/inst/buffer_fclk_clk_0.FCLK_CLK_0_BUFG/O
                         net (fo=654, routed)         0.639     0.975    design_1_i/axi_smc/inst/m00_exit_pipeline/m00_exit/inst/xpm_cdc_async_rst_inst/dest_clk
    SLICE_X37Y101        FDCE                                         r  design_1_i/axi_smc/inst/m00_exit_pipeline/m00_exit/inst/xpm_cdc_async_rst_inst/arststages_ff_reg[0]/C
  -------------------------------------------------------------------    -------------------
    SLICE_X37Y101        FDCE (Prop_fdce_C_Q)         0.141     1.116 r  design_1_i/axi_smc/inst/m00_exit_pipeline/m00_exit/inst/xpm_cdc_async_rst_inst/arststages_ff_reg[0]/Q
                         net (fo=1, routed)           0.056     1.172    design_1_i/axi_smc/inst/m00_exit_pipeline/m00_exit/inst/xpm_cdc_async_rst_inst/arststages_ff[0]
    SLICE_X37Y101        FDCE                                         r  design_1_i/axi_smc/inst/m00_exit_pipeline/m00_exit/inst/xpm_cdc_async_rst_inst/arststages_ff_reg[1]/D
  -------------------------------------------------------------------    -------------------

                         (clock clk_fpga_0 rise edge)
                                                      0.000     0.000 r  
    PS7_X0Y0             PS7                          0.000     0.000 r  design_1_i/processing_system7_0/inst/PS7_i/FCLKCLK[0]
                         net (fo=1, routed)           0.337     0.337    design_1_i/processing_system7_0/inst/FCLK_CLK_unbuffered[0]
    BUFGCTRL_X0Y16       BUFG (Prop_bufg_I_O)         0.029     0.366 r  design_1_i/processing_system7_0/inst/buffer_fclk_clk_0.FCLK_CLK_0_BUFG/O
                         net (fo=654, routed)         0.911     1.277    design_1_i/axi_smc/inst/m00_exit_pipeline/m00_exit/inst/xpm_cdc_async_rst_inst/dest_clk
    SLICE_X37Y101        FDCE                                         r  design_1_i/axi_smc/inst/m00_exit_pipeline/m00_exit/inst/xpm_cdc_async_rst_inst/arststages_ff_reg[1]/C
                         clock pessimism             -0.302     0.975    
    SLICE_X37Y101        FDCE (Hold_fdce_C_D)         0.075     1.050    design_1_i/axi_smc/inst/m00_exit_pipeline/m00_exit/inst/xpm_cdc_async_rst_inst/arststages_ff_reg[1]
  -------------------------------------------------------------------
                         required time                         -1.050    
                         arrival time                           1.172    
  -------------------------------------------------------------------
                         slack                                  0.122    

Slack (MET) :             0.122ns  (arrival time - required time)
  Source:                 design_1_i/axi_smc/inst/s00_entry_pipeline/s00_mmu/inst/xpm_cdc_async_rst_inst/arststages_ff_reg[0]/C
                            (rising edge-triggered cell FDCE clocked by clk_fpga_0  {rise@0.000ns fall@5.000ns period=10.000ns})
  Destination:            design_1_i/axi_smc/inst/s00_entry_pipeline/s00_mmu/inst/xpm_cdc_async_rst_inst/arststages_ff_reg[1]/D
                            (rising edge-triggered cell FDCE clocked by clk_fpga_0  {rise@0.000ns fall@5.000ns period=10.000ns})
  Path Group:             clk_fpga_0
  Path Type:              Hold (Min at Fast Process Corner)
  Requirement:            0.000ns  (clk_fpga_0 rise@0.000ns - clk_fpga_0 rise@0.000ns)
  Data Path Delay:        0.197ns  (logic 0.141ns (71.611%)  route 0.056ns (28.389%))
  Logic Levels:           0  
  Clock Path Skew:        0.000ns (DCD - SCD - CPR)
    Destination Clock Delay (DCD):    1.278ns
    Source Clock Delay      (SCD):    0.977ns
    Clock Pessimism Removal (CPR):    0.301ns

    Location             Delay type                Incr(ns)  Path(ns)    Netlist Resource(s)
  -------------------------------------------------------------------    -------------------
                         (clock clk_fpga_0 rise edge)
                                                      0.000     0.000 r  
    PS7_X0Y0             PS7                          0.000     0.000 r  design_1_i/processing_system7_0/inst/PS7_i/FCLKCLK[0]
                         net (fo=1, routed)           0.310     0.310    design_1_i/processing_system7_0/inst/FCLK_CLK_unbuffered[0]
    BUFGCTRL_X0Y16       BUFG (Prop_bufg_I_O)         0.026     0.336 r  design_1_i/processing_system7_0/inst/buffer_fclk_clk_0.FCLK_CLK_0_BUFG/O
                         net (fo=654, routed)         0.641     0.977    design_1_i/axi_smc/inst/s00_entry_pipeline/s00_mmu/inst/xpm_cdc_async_rst_inst/dest_clk
    SLICE_X35Y101        FDCE                                         r  design_1_i/axi_smc/inst/s00_entry_pipeline/s00_mmu/inst/xpm_cdc_async_rst_inst/arststages_ff_reg[0]/C
  -------------------------------------------------------------------    -------------------
    SLICE_X35Y101        FDCE (Prop_fdce_C_Q)         0.141     1.118 r  design_1_i/axi_smc/inst/s00_entry_pipeline/s00_mmu/inst/xpm_cdc_async_rst_inst/arststages_ff_reg[0]/Q
                         net (fo=1, routed)           0.056     1.174    design_1_i/axi_smc/inst/s00_entry_pipeline/s00_mmu/inst/xpm_cdc_async_rst_inst/arststages_ff[0]
    SLICE_X35Y101        FDCE                                         r  design_1_i/axi_smc/inst/s00_entry_pipeline/s00_mmu/inst/xpm_cdc_async_rst_inst/arststages_ff_reg[1]/D
  -------------------------------------------------------------------    -------------------

                         (clock clk_fpga_0 rise edge)
                                                      0.000     0.000 r  
    PS7_X0Y0             PS7                          0.000     0.000 r  design_1_i/processing_system7_0/inst/PS7_i/FCLKCLK[0]
                         net (fo=1, routed)           0.337     0.337    design_1_i/processing_system7_0/inst/FCLK_CLK_unbuffered[0]
    BUFGCTRL_X0Y16       BUFG (Prop_bufg_I_O)         0.029     0.366 r  design_1_i/processing_system7_0/inst/buffer_fclk_clk_0.FCLK_CLK_0_BUFG/O
                         net (fo=654, routed)         0.912     1.278    design_1_i/axi_smc/inst/s00_entry_pipeline/s00_mmu/inst/xpm_cdc_async_rst_inst/dest_clk
    SLICE_X35Y101        FDCE                                         r  design_1_i/axi_smc/inst/s00_entry_pipeline/s00_mmu/inst/xpm_cdc_async_rst_inst/arststages_ff_reg[1]/C
                         clock pessimism             -0.301     0.977    
    SLICE_X35Y101        FDCE (Hold_fdce_C_D)         0.075     1.052    design_1_i/axi_smc/inst/s00_entry_pipeline/s00_mmu/inst/xpm_cdc_async_rst_inst/arststages_ff_reg[1]
  -------------------------------------------------------------------
                         required time                         -1.052    
                         arrival time                           1.174    
  -------------------------------------------------------------------
                         slack                                  0.122    





Pulse Width Checks
--------------------------------------------------------------------------------------
Clock Name:         clk_fpga_0
Waveform(ns):       { 0.000 5.000 }
Period(ns):         10.000
Sources:            { design_1_i/processing_system7_0/inst/PS7_i/FCLKCLK[0] }

Check Type        Corner  Lib Pin     Reference Pin  Required(ns)  Actual(ns)  Slack(ns)  Location        Pin
Min Period        n/a     BUFG/I      n/a            2.155         10.000      7.845      BUFGCTRL_X0Y16  design_1_i/processing_system7_0/inst/buffer_fclk_clk_0.FCLK_CLK_0_BUFG/I
Min Period        n/a     FDRE/C      n/a            1.000         10.000      9.000      SLICE_X37Y91    design_1_i/axi_gpio_0/U0/ip2bus_data_i_D1_reg[0]/C
Min Period        n/a     FDRE/C      n/a            1.000         10.000      9.000      SLICE_X39Y92    design_1_i/axi_gpio_0/U0/ip2bus_data_i_D1_reg[28]/C
Min Period        n/a     FDRE/C      n/a            1.000         10.000      9.000      SLICE_X39Y92    design_1_i/axi_gpio_0/U0/ip2bus_data_i_D1_reg[29]/C
Min Period        n/a     FDRE/C      n/a            1.000         10.000      9.000      SLICE_X39Y91    design_1_i/axi_gpio_0/U0/ip2bus_data_i_D1_reg[30]/C
Min Period        n/a     FDRE/C      n/a            1.000         10.000      9.000      SLICE_X39Y91    design_1_i/axi_gpio_0/U0/ip2bus_data_i_D1_reg[31]/C
Min Period        n/a     FDRE/C      n/a            1.000         10.000      9.000      SLICE_X38Y93    design_1_i/axi_gpio_0/U0/ip2bus_rdack_i_D1_reg/C
Min Period        n/a     FDRE/C      n/a            1.000         10.000      9.000      SLICE_X38Y93    design_1_i/axi_gpio_0/U0/ip2bus_wrack_i_D1_reg/C
Min Period        n/a     FDSE/C      n/a            1.000         10.000      9.000      SLICE_X37Y96    design_1_i/axi_gpio_0/U0/AXI_LITE_IPIF_I/I_SLAVE_ATTACHMENT/FSM_onehot_state_reg[0]/C
Min Period        n/a     FDRE/C      n/a            1.000         10.000      9.000      SLICE_X38Y95    design_1_i/axi_gpio_0/U0/AXI_LITE_IPIF_I/I_SLAVE_ATTACHMENT/FSM_onehot_state_reg[1]/C
Low Pulse Width   Slow    SRL16E/CLK  n/a            0.980         5.000       4.020      SLICE_X38Y98    design_1_i/axi_smc/inst/clk_map/psr_aclk/U0/EXT_LPF/POR_SRL_I/CLK
Low Pulse Width   Fast    SRL16E/CLK  n/a            0.980         5.000       4.020      SLICE_X38Y98    design_1_i/axi_smc/inst/clk_map/psr_aclk/U0/EXT_LPF/POR_SRL_I/CLK
Low Pulse Width   Slow    SRL16E/CLK  n/a            0.980         5.000       4.020      SLICE_X34Y88    design_1_i/rst_ps7_0_50M/U0/EXT_LPF/POR_SRL_I/CLK
Low Pulse Width   Fast    SRL16E/CLK  n/a            0.980         5.000       4.020      SLICE_X34Y88    design_1_i/rst_ps7_0_50M/U0/EXT_LPF/POR_SRL_I/CLK
Low Pulse Width   Slow    FDRE/C      n/a            0.500         5.000       4.500      SLICE_X37Y91    design_1_i/axi_gpio_0/U0/ip2bus_data_i_D1_reg[0]/C
Low Pulse Width   Fast    FDRE/C      n/a            0.500         5.000       4.500      SLICE_X37Y91    design_1_i/axi_gpio_0/U0/ip2bus_data_i_D1_reg[0]/C
Low Pulse Width   Slow    FDRE/C      n/a            0.500         5.000       4.500      SLICE_X39Y92    design_1_i/axi_gpio_0/U0/ip2bus_data_i_D1_reg[28]/C
Low Pulse Width   Fast    FDRE/C      n/a            0.500         5.000       4.500      SLICE_X39Y92    design_1_i/axi_gpio_0/U0/ip2bus_data_i_D1_reg[28]/C
Low Pulse Width   Slow    FDRE/C      n/a            0.500         5.000       4.500      SLICE_X39Y92    design_1_i/axi_gpio_0/U0/ip2bus_data_i_D1_reg[29]/C
Low Pulse Width   Fast    FDRE/C      n/a            0.500         5.000       4.500      SLICE_X39Y92    design_1_i/axi_gpio_0/U0/ip2bus_data_i_D1_reg[29]/C
High Pulse Width  Slow    SRL16E/CLK  n/a            0.980         5.000       4.020      SLICE_X38Y98    design_1_i/axi_smc/inst/clk_map/psr_aclk/U0/EXT_LPF/POR_SRL_I/CLK
High Pulse Width  Fast    SRL16E/CLK  n/a            0.980         5.000       4.020      SLICE_X38Y98    design_1_i/axi_smc/inst/clk_map/psr_aclk/U0/EXT_LPF/POR_SRL_I/CLK
High Pulse Width  Slow    SRL16E/CLK  n/a            0.980         5.000       4.020      SLICE_X34Y88    design_1_i/rst_ps7_0_50M/U0/EXT_LPF/POR_SRL_I/CLK
High Pulse Width  Fast    SRL16E/CLK  n/a            0.980         5.000       4.020      SLICE_X34Y88    design_1_i/rst_ps7_0_50M/U0/EXT_LPF/POR_SRL_I/CLK
High Pulse Width  Slow    FDRE/C      n/a            0.500         5.000       4.500      SLICE_X37Y91    design_1_i/axi_gpio_0/U0/ip2bus_data_i_D1_reg[0]/C
High Pulse Width  Fast    FDRE/C      n/a            0.500         5.000       4.500      SLICE_X37Y91    design_1_i/axi_gpio_0/U0/ip2bus_data_i_D1_reg[0]/C
High Pulse Width  Slow    FDRE/C      n/a            0.500         5.000       4.500      SLICE_X39Y92    design_1_i/axi_gpio_0/U0/ip2bus_data_i_D1_reg[28]/C
High Pulse Width  Fast    FDRE/C      n/a            0.500         5.000       4.500      SLICE_X39Y92    design_1_i/axi_gpio_0/U0/ip2bus_data_i_D1_reg[28]/C
High Pulse Width  Slow    FDRE/C      n/a            0.500         5.000       4.500      SLICE_X39Y92    design_1_i/axi_gpio_0/U0/ip2bus_data_i_D1_reg[29]/C
High Pulse Width  Fast    FDRE/C      n/a            0.500         5.000       4.500      SLICE_X39Y92    design_1_i/axi_gpio_0/U0/ip2bus_data_i_D1_reg[29]/C



--------------------------------------------------------------------------------------
Path Group:  (none)
From Clock:  
  To Clock:  clk_fpga_0

Max Delay             9 Endpoints
Min Delay             9 Endpoints
--------------------------------------------------------------------------------------


Max Delay Paths
--------------------------------------------------------------------------------------
Slack:                    inf
  Source:                 btns_4bits_tri_i[0]
                            (input port)
  Destination:            design_1_i/axi_gpio_0/U0/gpio_core_1/Dual.INPUT_DOUBLE_REGS5/syncstages_ff_reg[0][0]/D
                            (rising edge-triggered cell FDRE clocked by clk_fpga_0  {rise@0.000ns fall@5.000ns period=10.000ns})
  Path Group:             (none)
  Path Type:              Setup (Max at Slow Process Corner)
  Data Path Delay:        5.970ns  (logic 1.463ns (24.513%)  route 4.506ns (75.487%))
  Logic Levels:           1  (IBUF=1)
  Clock Path Skew:        2.657ns (DCD - SCD + CPR)
    Destination Clock Delay (DCD):    2.657ns
    Source Clock Delay      (SCD):    0.000ns
    Clock Pessimism Removal (CPR):    0.000ns
  Clock Uncertainty:      0.152ns  ((TSJ^2 + TIJ^2)^1/2 + DJ) / 2 + PE
    Total System Jitter     (TSJ):    0.050ns
    Total Input Jitter      (TIJ):    0.300ns
    Discrete Jitter          (DJ):    0.000ns
    Phase Error              (PE):    0.000ns
  Timing Exception:       False Path

    Location             Delay type                Incr(ns)  Path(ns)    Netlist Resource(s)
  -------------------------------------------------------------------    -------------------
    D19                                               0.000     0.000 r  btns_4bits_tri_i[0] (IN)
                         net (fo=0)                   0.000     0.000    btns_4bits_tri_i[0]
    D19                  IBUF (Prop_ibuf_I_O)         1.463     1.463 r  btns_4bits_tri_i_IBUF[0]_inst/O
                         net (fo=1, routed)           4.506     5.970    design_1_i/axi_gpio_0/U0/gpio_core_1/Dual.INPUT_DOUBLE_REGS5/async_path_bit[0]
    SLICE_X41Y91         FDRE                                         r  design_1_i/axi_gpio_0/U0/gpio_core_1/Dual.INPUT_DOUBLE_REGS5/syncstages_ff_reg[0][0]/D
  -------------------------------------------------------------------    -------------------

                         (clock clk_fpga_0 rise edge)
                                                      0.000     0.000 r  
    PS7_X0Y0             PS7                          0.000     0.000 r  design_1_i/processing_system7_0/inst/PS7_i/FCLKCLK[0]
                         net (fo=1, routed)           1.088     1.088    design_1_i/processing_system7_0/inst/FCLK_CLK_unbuffered[0]
    BUFGCTRL_X0Y16       BUFG (Prop_bufg_I_O)         0.091     1.179 r  design_1_i/processing_system7_0/inst/buffer_fclk_clk_0.FCLK_CLK_0_BUFG/O
                         net (fo=654, routed)         1.478     2.657    design_1_i/axi_gpio_0/U0/gpio_core_1/Dual.INPUT_DOUBLE_REGS5/dest_clk
    SLICE_X41Y91         FDRE                                         r  design_1_i/axi_gpio_0/U0/gpio_core_1/Dual.INPUT_DOUBLE_REGS5/syncstages_ff_reg[0][0]/C

Slack:                    inf
  Source:                 btns_4bits_tri_i[3]
                            (input port)
  Destination:            design_1_i/axi_gpio_0/U0/gpio_core_1/Dual.INPUT_DOUBLE_REGS5/syncstages_ff_reg[0][3]/D
                            (rising edge-triggered cell FDRE clocked by clk_fpga_0  {rise@0.000ns fall@5.000ns period=10.000ns})
  Path Group:             (none)
  Path Type:              Setup (Max at Slow Process Corner)
  Data Path Delay:        5.583ns  (logic 1.508ns (27.005%)  route 4.075ns (72.995%))
  Logic Levels:           1  (IBUF=1)
  Clock Path Skew:        2.658ns (DCD - SCD + CPR)
    Destination Clock Delay (DCD):    2.658ns
    Source Clock Delay      (SCD):    0.000ns
    Clock Pessimism Removal (CPR):    0.000ns
  Clock Uncertainty:      0.152ns  ((TSJ^2 + TIJ^2)^1/2 + DJ) / 2 + PE
    Total System Jitter     (TSJ):    0.050ns
    Total Input Jitter      (TIJ):    0.300ns
    Discrete Jitter          (DJ):    0.000ns
    Phase Error              (PE):    0.000ns
  Timing Exception:       False Path

    Location             Delay type                Incr(ns)  Path(ns)    Netlist Resource(s)
  -------------------------------------------------------------------    -------------------
    L19                                               0.000     0.000 r  btns_4bits_tri_i[3] (IN)
                         net (fo=0)                   0.000     0.000    btns_4bits_tri_i[3]
    L19                  IBUF (Prop_ibuf_I_O)         1.508     1.508 r  btns_4bits_tri_i_IBUF[3]_inst/O
                         net (fo=1, routed)           4.075     5.583    design_1_i/axi_gpio_0/U0/gpio_core_1/Dual.INPUT_DOUBLE_REGS5/async_path_bit[3]
    SLICE_X40Y94         FDRE                                         r  design_1_i/axi_gpio_0/U0/gpio_core_1/Dual.INPUT_DOUBLE_REGS5/syncstages_ff_reg[0][3]/D
  -------------------------------------------------------------------    -------------------

                         (clock clk_fpga_0 rise edge)
                                                      0.000     0.000 r  
    PS7_X0Y0             PS7                          0.000     0.000 r  design_1_i/processing_system7_0/inst/PS7_i/FCLKCLK[0]
                         net (fo=1, routed)           1.088     1.088    design_1_i/processing_system7_0/inst/FCLK_CLK_unbuffered[0]
    BUFGCTRL_X0Y16       BUFG (Prop_bufg_I_O)         0.091     1.179 r  design_1_i/processing_system7_0/inst/buffer_fclk_clk_0.FCLK_CLK_0_BUFG/O
                         net (fo=654, routed)         1.479     2.658    design_1_i/axi_gpio_0/U0/gpio_core_1/Dual.INPUT_DOUBLE_REGS5/dest_clk
    SLICE_X40Y94         FDRE                                         r  design_1_i/axi_gpio_0/U0/gpio_core_1/Dual.INPUT_DOUBLE_REGS5/syncstages_ff_reg[0][3]/C

Slack:                    inf
  Source:                 btns_4bits_tri_i[2]
                            (input port)
  Destination:            design_1_i/axi_gpio_0/U0/gpio_core_1/Dual.INPUT_DOUBLE_REGS5/syncstages_ff_reg[0][2]/D
                            (rising edge-triggered cell FDRE clocked by clk_fpga_0  {rise@0.000ns fall@5.000ns period=10.000ns})
  Path Group:             (none)
  Path Type:              Setup (Max at Slow Process Corner)
  Data Path Delay:        5.502ns  (logic 1.513ns (27.499%)  route 3.989ns (72.501%))
  Logic Levels:           1  (IBUF=1)
  Clock Path Skew:        2.658ns (DCD - SCD + CPR)
    Destination Clock Delay (DCD):    2.658ns
    Source Clock Delay      (SCD):    0.000ns
    Clock Pessimism Removal (CPR):    0.000ns
  Clock Uncertainty:      0.152ns  ((TSJ^2 + TIJ^2)^1/2 + DJ) / 2 + PE
    Total System Jitter     (TSJ):    0.050ns
    Total Input Jitter      (TIJ):    0.300ns
    Discrete Jitter          (DJ):    0.000ns
    Phase Error              (PE):    0.000ns
  Timing Exception:       False Path

    Location             Delay type                Incr(ns)  Path(ns)    Netlist Resource(s)
  -------------------------------------------------------------------    -------------------
    L20                                               0.000     0.000 r  btns_4bits_tri_i[2] (IN)
                         net (fo=0)                   0.000     0.000    btns_4bits_tri_i[2]
    L20                  IBUF (Prop_ibuf_I_O)         1.513     1.513 r  btns_4bits_tri_i_IBUF[2]_inst/O
                         net (fo=1, routed)           3.989     5.502    design_1_i/axi_gpio_0/U0/gpio_core_1/Dual.INPUT_DOUBLE_REGS5/async_path_bit[2]
    SLICE_X40Y96         FDRE                                         r  design_1_i/axi_gpio_0/U0/gpio_core_1/Dual.INPUT_DOUBLE_REGS5/syncstages_ff_reg[0][2]/D
  -------------------------------------------------------------------    -------------------

                         (clock clk_fpga_0 rise edge)
                                                      0.000     0.000 r  
    PS7_X0Y0             PS7                          0.000     0.000 r  design_1_i/processing_system7_0/inst/PS7_i/FCLKCLK[0]
                         net (fo=1, routed)           1.088     1.088    design_1_i/processing_system7_0/inst/FCLK_CLK_unbuffered[0]
    BUFGCTRL_X0Y16       BUFG (Prop_bufg_I_O)         0.091     1.179 r  design_1_i/processing_system7_0/inst/buffer_fclk_clk_0.FCLK_CLK_0_BUFG/O
                         net (fo=654, routed)         1.479     2.658    design_1_i/axi_gpio_0/U0/gpio_core_1/Dual.INPUT_DOUBLE_REGS5/dest_clk
    SLICE_X40Y96         FDRE                                         r  design_1_i/axi_gpio_0/U0/gpio_core_1/Dual.INPUT_DOUBLE_REGS5/syncstages_ff_reg[0][2]/C

Slack:                    inf
  Source:                 btns_4bits_tri_i[1]
                            (input port)
  Destination:            design_1_i/axi_gpio_0/U0/gpio_core_1/Dual.INPUT_DOUBLE_REGS5/syncstages_ff_reg[0][1]/D
                            (rising edge-triggered cell FDRE clocked by clk_fpga_0  {rise@0.000ns fall@5.000ns period=10.000ns})
  Path Group:             (none)
  Path Type:              Setup (Max at Slow Process Corner)
  Data Path Delay:        5.422ns  (logic 1.464ns (27.001%)  route 3.958ns (72.999%))
  Logic Levels:           1  (IBUF=1)
  Clock Path Skew:        2.657ns (DCD - SCD + CPR)
    Destination Clock Delay (DCD):    2.657ns
    Source Clock Delay      (SCD):    0.000ns
    Clock Pessimism Removal (CPR):    0.000ns
  Clock Uncertainty:      0.152ns  ((TSJ^2 + TIJ^2)^1/2 + DJ) / 2 + PE
    Total System Jitter     (TSJ):    0.050ns
    Total Input Jitter      (TIJ):    0.300ns
    Discrete Jitter          (DJ):    0.000ns
    Phase Error              (PE):    0.000ns
  Timing Exception:       False Path

    Location             Delay type                Incr(ns)  Path(ns)    Netlist Resource(s)
  -------------------------------------------------------------------    -------------------
    D20                                               0.000     0.000 r  btns_4bits_tri_i[1] (IN)
                         net (fo=0)                   0.000     0.000    btns_4bits_tri_i[1]
    D20                  IBUF (Prop_ibuf_I_O)         1.464     1.464 r  btns_4bits_tri_i_IBUF[1]_inst/O
                         net (fo=1, routed)           3.958     5.422    design_1_i/axi_gpio_0/U0/gpio_core_1/Dual.INPUT_DOUBLE_REGS5/async_path_bit[1]
    SLICE_X44Y93         FDRE                                         r  design_1_i/axi_gpio_0/U0/gpio_core_1/Dual.INPUT_DOUBLE_REGS5/syncstages_ff_reg[0][1]/D
  -------------------------------------------------------------------    -------------------

                         (clock clk_fpga_0 rise edge)
                                                      0.000     0.000 r  
    PS7_X0Y0             PS7                          0.000     0.000 r  design_1_i/processing_system7_0/inst/PS7_i/FCLKCLK[0]
                         net (fo=1, routed)           1.088     1.088    design_1_i/processing_system7_0/inst/FCLK_CLK_unbuffered[0]
    BUFGCTRL_X0Y16       BUFG (Prop_bufg_I_O)         0.091     1.179 r  design_1_i/processing_system7_0/inst/buffer_fclk_clk_0.FCLK_CLK_0_BUFG/O
                         net (fo=654, routed)         1.478     2.657    design_1_i/axi_gpio_0/U0/gpio_core_1/Dual.INPUT_DOUBLE_REGS5/dest_clk
    SLICE_X44Y93         FDRE                                         r  design_1_i/axi_gpio_0/U0/gpio_core_1/Dual.INPUT_DOUBLE_REGS5/syncstages_ff_reg[0][1]/C

Slack:                    inf
  Source:                 leds_4bits_tri_io[2]
                            (input port)
  Destination:            design_1_i/axi_gpio_0/U0/gpio_core_1/Dual.INPUT_DOUBLE_REGS4/syncstages_ff_reg[0][2]/D
                            (rising edge-triggered cell FDRE clocked by clk_fpga_0  {rise@0.000ns fall@5.000ns period=10.000ns})
  Path Group:             (none)
  Path Type:              Setup (Max at Slow Process Corner)
  Data Path Delay:        4.823ns  (logic 1.518ns (31.464%)  route 3.306ns (68.536%))
  Logic Levels:           1  (IBUF=1)
  Clock Path Skew:        2.657ns (DCD - SCD + CPR)
    Destination Clock Delay (DCD):    2.657ns
    Source Clock Delay      (SCD):    0.000ns
    Clock Pessimism Removal (CPR):    0.000ns
  Clock Uncertainty:      0.152ns  ((TSJ^2 + TIJ^2)^1/2 + DJ) / 2 + PE
    Total System Jitter     (TSJ):    0.050ns
    Total Input Jitter      (TIJ):    0.300ns
    Discrete Jitter          (DJ):    0.000ns
    Phase Error              (PE):    0.000ns
  Timing Exception:       False Path

    Location             Delay type                Incr(ns)  Path(ns)    Netlist Resource(s)
  -------------------------------------------------------------------    -------------------
    N16                                               0.000     0.000 r  leds_4bits_tri_io[2] (INOUT)
                         net (fo=1, unset)            0.000     0.000    leds_4bits_tri_iobuf_2/IO
    N16                  IBUF (Prop_ibuf_I_O)         1.518     1.518 r  leds_4bits_tri_iobuf_2/IBUF/O
                         net (fo=1, routed)           3.306     4.823    design_1_i/axi_gpio_0/U0/gpio_core_1/Dual.INPUT_DOUBLE_REGS4/async_path_bit[2]
    SLICE_X44Y96         FDRE                                         r  design_1_i/axi_gpio_0/U0/gpio_core_1/Dual.INPUT_DOUBLE_REGS4/syncstages_ff_reg[0][2]/D
  -------------------------------------------------------------------    -------------------

                         (clock clk_fpga_0 rise edge)
                                                      0.000     0.000 r  
    PS7_X0Y0             PS7                          0.000     0.000 r  design_1_i/processing_system7_0/inst/PS7_i/FCLKCLK[0]
                         net (fo=1, routed)           1.088     1.088    design_1_i/processing_system7_0/inst/FCLK_CLK_unbuffered[0]
    BUFGCTRL_X0Y16       BUFG (Prop_bufg_I_O)         0.091     1.179 r  design_1_i/processing_system7_0/inst/buffer_fclk_clk_0.FCLK_CLK_0_BUFG/O
                         net (fo=654, routed)         1.478     2.657    design_1_i/axi_gpio_0/U0/gpio_core_1/Dual.INPUT_DOUBLE_REGS4/dest_clk
    SLICE_X44Y96         FDRE                                         r  design_1_i/axi_gpio_0/U0/gpio_core_1/Dual.INPUT_DOUBLE_REGS4/syncstages_ff_reg[0][2]/C

Slack:                    inf
  Source:                 leds_4bits_tri_io[3]
                            (input port)
  Destination:            design_1_i/axi_gpio_0/U0/gpio_core_1/Dual.INPUT_DOUBLE_REGS4/syncstages_ff_reg[0][3]/D
                            (rising edge-triggered cell FDRE clocked by clk_fpga_0  {rise@0.000ns fall@5.000ns period=10.000ns})
  Path Group:             (none)
  Path Type:              Setup (Max at Slow Process Corner)
  Data Path Delay:        4.611ns  (logic 1.526ns (33.102%)  route 3.084ns (66.898%))
  Logic Levels:           1  (IBUF=1)
  Clock Path Skew:        2.657ns (DCD - SCD + CPR)
    Destination Clock Delay (DCD):    2.657ns
    Source Clock Delay      (SCD):    0.000ns
    Clock Pessimism Removal (CPR):    0.000ns
  Clock Uncertainty:      0.152ns  ((TSJ^2 + TIJ^2)^1/2 + DJ) / 2 + PE
    Total System Jitter     (TSJ):    0.050ns
    Total Input Jitter      (TIJ):    0.300ns
    Discrete Jitter          (DJ):    0.000ns
    Phase Error              (PE):    0.000ns
  Timing Exception:       False Path

    Location             Delay type                Incr(ns)  Path(ns)    Netlist Resource(s)
  -------------------------------------------------------------------    -------------------
    M14                                               0.000     0.000 r  leds_4bits_tri_io[3] (INOUT)
                         net (fo=1, unset)            0.000     0.000    leds_4bits_tri_iobuf_3/IO
    M14                  IBUF (Prop_ibuf_I_O)         1.526     1.526 r  leds_4bits_tri_iobuf_3/IBUF/O
                         net (fo=1, routed)           3.084     4.611    design_1_i/axi_gpio_0/U0/gpio_core_1/Dual.INPUT_DOUBLE_REGS4/async_path_bit[3]
    SLICE_X44Y94         FDRE                                         r  design_1_i/axi_gpio_0/U0/gpio_core_1/Dual.INPUT_DOUBLE_REGS4/syncstages_ff_reg[0][3]/D
  -------------------------------------------------------------------    -------------------

                         (clock clk_fpga_0 rise edge)
                                                      0.000     0.000 r  
    PS7_X0Y0             PS7                          0.000     0.000 r  design_1_i/processing_system7_0/inst/PS7_i/FCLKCLK[0]
                         net (fo=1, routed)           1.088     1.088    design_1_i/processing_system7_0/inst/FCLK_CLK_unbuffered[0]
    BUFGCTRL_X0Y16       BUFG (Prop_bufg_I_O)         0.091     1.179 r  design_1_i/processing_system7_0/inst/buffer_fclk_clk_0.FCLK_CLK_0_BUFG/O
                         net (fo=654, routed)         1.478     2.657    design_1_i/axi_gpio_0/U0/gpio_core_1/Dual.INPUT_DOUBLE_REGS4/dest_clk
    SLICE_X44Y94         FDRE                                         r  design_1_i/axi_gpio_0/U0/gpio_core_1/Dual.INPUT_DOUBLE_REGS4/syncstages_ff_reg[0][3]/C

Slack:                    inf
  Source:                 leds_4bits_tri_io[1]
                            (input port)
  Destination:            design_1_i/axi_gpio_0/U0/gpio_core_1/Dual.INPUT_DOUBLE_REGS4/syncstages_ff_reg[0][1]/D
                            (rising edge-triggered cell FDRE clocked by clk_fpga_0  {rise@0.000ns fall@5.000ns period=10.000ns})
  Path Group:             (none)
  Path Type:              Setup (Max at Slow Process Corner)
  Data Path Delay:        4.506ns  (logic 1.503ns (33.345%)  route 3.003ns (66.655%))
  Logic Levels:           1  (IBUF=1)
  Clock Path Skew:        2.656ns (DCD - SCD + CPR)
    Destination Clock Delay (DCD):    2.656ns
    Source Clock Delay      (SCD):    0.000ns
    Clock Pessimism Removal (CPR):    0.000ns
  Clock Uncertainty:      0.152ns  ((TSJ^2 + TIJ^2)^1/2 + DJ) / 2 + PE
    Total System Jitter     (TSJ):    0.050ns
    Total Input Jitter      (TIJ):    0.300ns
    Discrete Jitter          (DJ):    0.000ns
    Phase Error              (PE):    0.000ns
  Timing Exception:       False Path

    Location             Delay type                Incr(ns)  Path(ns)    Netlist Resource(s)
  -------------------------------------------------------------------    -------------------
    P14                                               0.000     0.000 r  leds_4bits_tri_io[1] (INOUT)
                         net (fo=1, unset)            0.000     0.000    leds_4bits_tri_iobuf_1/IO
    P14                  IBUF (Prop_ibuf_I_O)         1.503     1.503 r  leds_4bits_tri_iobuf_1/IBUF/O
                         net (fo=1, routed)           3.003     4.506    design_1_i/axi_gpio_0/U0/gpio_core_1/Dual.INPUT_DOUBLE_REGS4/async_path_bit[1]
    SLICE_X42Y89         FDRE                                         r  design_1_i/axi_gpio_0/U0/gpio_core_1/Dual.INPUT_DOUBLE_REGS4/syncstages_ff_reg[0][1]/D
  -------------------------------------------------------------------    -------------------

                         (clock clk_fpga_0 rise edge)
                                                      0.000     0.000 r  
    PS7_X0Y0             PS7                          0.000     0.000 r  design_1_i/processing_system7_0/inst/PS7_i/FCLKCLK[0]
                         net (fo=1, routed)           1.088     1.088    design_1_i/processing_system7_0/inst/FCLK_CLK_unbuffered[0]
    BUFGCTRL_X0Y16       BUFG (Prop_bufg_I_O)         0.091     1.179 r  design_1_i/processing_system7_0/inst/buffer_fclk_clk_0.FCLK_CLK_0_BUFG/O
                         net (fo=654, routed)         1.477     2.656    design_1_i/axi_gpio_0/U0/gpio_core_1/Dual.INPUT_DOUBLE_REGS4/dest_clk
    SLICE_X42Y89         FDRE                                         r  design_1_i/axi_gpio_0/U0/gpio_core_1/Dual.INPUT_DOUBLE_REGS4/syncstages_ff_reg[0][1]/C

Slack:                    inf
  Source:                 leds_4bits_tri_io[0]
                            (input port)
  Destination:            design_1_i/axi_gpio_0/U0/gpio_core_1/Dual.INPUT_DOUBLE_REGS4/syncstages_ff_reg[0][0]/D
                            (rising edge-triggered cell FDRE clocked by clk_fpga_0  {rise@0.000ns fall@5.000ns period=10.000ns})
  Path Group:             (none)
  Path Type:              Setup (Max at Slow Process Corner)
  Data Path Delay:        4.463ns  (logic 1.475ns (33.052%)  route 2.988ns (66.948%))
  Logic Levels:           1  (IBUF=1)
  Clock Path Skew:        2.655ns (DCD - SCD + CPR)
    Destination Clock Delay (DCD):    2.655ns
    Source Clock Delay      (SCD):    0.000ns
    Clock Pessimism Removal (CPR):    0.000ns
  Clock Uncertainty:      0.152ns  ((TSJ^2 + TIJ^2)^1/2 + DJ) / 2 + PE
    Total System Jitter     (TSJ):    0.050ns
    Total Input Jitter      (TIJ):    0.300ns
    Discrete Jitter          (DJ):    0.000ns
    Phase Error              (PE):    0.000ns
  Timing Exception:       False Path

    Location             Delay type                Incr(ns)  Path(ns)    Netlist Resource(s)
  -------------------------------------------------------------------    -------------------
    R14                                               0.000     0.000 r  leds_4bits_tri_io[0] (INOUT)
                         net (fo=1, unset)            0.000     0.000    leds_4bits_tri_iobuf_0/IO
    R14                  IBUF (Prop_ibuf_I_O)         1.475     1.475 r  leds_4bits_tri_iobuf_0/IBUF/O
                         net (fo=1, routed)           2.988     4.463    design_1_i/axi_gpio_0/U0/gpio_core_1/Dual.INPUT_DOUBLE_REGS4/async_path_bit[0]
    SLICE_X41Y88         FDRE                                         r  design_1_i/axi_gpio_0/U0/gpio_core_1/Dual.INPUT_DOUBLE_REGS4/syncstages_ff_reg[0][0]/D
  -------------------------------------------------------------------    -------------------

                         (clock clk_fpga_0 rise edge)
                                                      0.000     0.000 r  
    PS7_X0Y0             PS7                          0.000     0.000 r  design_1_i/processing_system7_0/inst/PS7_i/FCLKCLK[0]
                         net (fo=1, routed)           1.088     1.088    design_1_i/processing_system7_0/inst/FCLK_CLK_unbuffered[0]
    BUFGCTRL_X0Y16       BUFG (Prop_bufg_I_O)         0.091     1.179 r  design_1_i/processing_system7_0/inst/buffer_fclk_clk_0.FCLK_CLK_0_BUFG/O
                         net (fo=654, routed)         1.476     2.655    design_1_i/axi_gpio_0/U0/gpio_core_1/Dual.INPUT_DOUBLE_REGS4/dest_clk
    SLICE_X41Y88         FDRE                                         r  design_1_i/axi_gpio_0/U0/gpio_core_1/Dual.INPUT_DOUBLE_REGS4/syncstages_ff_reg[0][0]/C

Slack:                    inf
  Source:                 design_1_i/processing_system7_0/inst/PS7_i/FCLKRESETN[0]
                            (internal pin)
  Destination:            design_1_i/rst_ps7_0_50M/U0/EXT_LPF/ACTIVE_LOW_EXT.ACT_LO_EXT/syncstages_ff_reg[0]/D
                            (rising edge-triggered cell FDRE clocked by clk_fpga_0  {rise@0.000ns fall@5.000ns period=10.000ns})
  Path Group:             (none)
  Path Type:              Setup (Max at Slow Process Corner)
  Data Path Delay:        1.029ns  (logic 0.124ns (12.051%)  route 0.905ns (87.949%))
  Logic Levels:           1  (LUT1=1)
  Clock Uncertainty:      0.152ns  ((TSJ^2 + TIJ^2)^1/2 + DJ) / 2 + PE
    Total System Jitter     (TSJ):    0.050ns
    Total Input Jitter      (TIJ):    0.300ns
    Discrete Jitter          (DJ):    0.000ns
    Phase Error              (PE):    0.000ns
  Timing Exception:       False Path

    Location             Delay type                Incr(ns)  Path(ns)    Netlist Resource(s)
  -------------------------------------------------------------------    -------------------
    PS7_X0Y0             PS7                          0.000     0.000 f  design_1_i/processing_system7_0/inst/PS7_i/FCLKRESETN[0]
                         net (fo=1, routed)           0.905     0.905    design_1_i/rst_ps7_0_50M/U0/EXT_LPF/ext_reset_in
    SLICE_X32Y85         LUT1 (Prop_lut1_I0_O)        0.124     1.029 r  design_1_i/rst_ps7_0_50M/U0/EXT_LPF/ACTIVE_LOW_EXT.ACT_LO_EXT_i_1/O
                         net (fo=1, routed)           0.000     1.029    design_1_i/rst_ps7_0_50M/U0/EXT_LPF/ACTIVE_LOW_EXT.ACT_LO_EXT/src_in
    SLICE_X32Y85         FDRE                                         r  design_1_i/rst_ps7_0_50M/U0/EXT_LPF/ACTIVE_LOW_EXT.ACT_LO_EXT/syncstages_ff_reg[0]/D
  -------------------------------------------------------------------    -------------------

                         (clock clk_fpga_0 rise edge)
                                                      0.000     0.000 r  
    PS7_X0Y0             PS7                          0.000     0.000 r  design_1_i/processing_system7_0/inst/PS7_i/FCLKCLK[0]
                         net (fo=1, routed)           1.088     1.088    design_1_i/processing_system7_0/inst/FCLK_CLK_unbuffered[0]
    BUFGCTRL_X0Y16       BUFG (Prop_bufg_I_O)         0.091     1.179 r  design_1_i/processing_system7_0/inst/buffer_fclk_clk_0.FCLK_CLK_0_BUFG/O
                         net (fo=654, routed)         1.474     2.653    design_1_i/rst_ps7_0_50M/U0/EXT_LPF/ACTIVE_LOW_EXT.ACT_LO_EXT/dest_clk
    SLICE_X32Y85         FDRE                                         r  design_1_i/rst_ps7_0_50M/U0/EXT_LPF/ACTIVE_LOW_EXT.ACT_LO_EXT/syncstages_ff_reg[0]/C





Min Delay Paths
--------------------------------------------------------------------------------------
Slack:                    inf
  Source:                 design_1_i/processing_system7_0/inst/PS7_i/FCLKRESETN[0]
                            (internal pin)
  Destination:            design_1_i/rst_ps7_0_50M/U0/EXT_LPF/ACTIVE_LOW_EXT.ACT_LO_EXT/syncstages_ff_reg[0]/D
                            (rising edge-triggered cell FDRE clocked by clk_fpga_0  {rise@0.000ns fall@5.000ns period=10.000ns})
  Path Group:             (none)
  Path Type:              Hold (Min at Fast Process Corner)
  Data Path Delay:        0.425ns  (logic 0.045ns (10.589%)  route 0.380ns (89.411%))
  Logic Levels:           1  (LUT1=1)
  Clock Uncertainty:      0.152ns  ((TSJ^2 + TIJ^2)^1/2 + DJ) / 2 + PE
    Total System Jitter     (TSJ):    0.050ns
    Total Input Jitter      (TIJ):    0.300ns
    Discrete Jitter          (DJ):    0.000ns
    Phase Error              (PE):    0.000ns
  Timing Exception:       False Path

    Location             Delay type                Incr(ns)  Path(ns)    Netlist Resource(s)
  -------------------------------------------------------------------    -------------------
    PS7_X0Y0             PS7                          0.000     0.000 f  design_1_i/processing_system7_0/inst/PS7_i/FCLKRESETN[0]
                         net (fo=1, routed)           0.380     0.380    design_1_i/rst_ps7_0_50M/U0/EXT_LPF/ext_reset_in
    SLICE_X32Y85         LUT1 (Prop_lut1_I0_O)        0.045     0.425 r  design_1_i/rst_ps7_0_50M/U0/EXT_LPF/ACTIVE_LOW_EXT.ACT_LO_EXT_i_1/O
                         net (fo=1, routed)           0.000     0.425    design_1_i/rst_ps7_0_50M/U0/EXT_LPF/ACTIVE_LOW_EXT.ACT_LO_EXT/src_in
    SLICE_X32Y85         FDRE                                         r  design_1_i/rst_ps7_0_50M/U0/EXT_LPF/ACTIVE_LOW_EXT.ACT_LO_EXT/syncstages_ff_reg[0]/D
  -------------------------------------------------------------------    -------------------

                         (clock clk_fpga_0 rise edge)
                                                      0.000     0.000 r  
    PS7_X0Y0             PS7                          0.000     0.000 r  design_1_i/processing_system7_0/inst/PS7_i/FCLKCLK[0]
                         net (fo=1, routed)           0.337     0.337    design_1_i/processing_system7_0/inst/FCLK_CLK_unbuffered[0]
    BUFGCTRL_X0Y16       BUFG (Prop_bufg_I_O)         0.029     0.366 r  design_1_i/processing_system7_0/inst/buffer_fclk_clk_0.FCLK_CLK_0_BUFG/O
                         net (fo=654, routed)         0.820     1.186    design_1_i/rst_ps7_0_50M/U0/EXT_LPF/ACTIVE_LOW_EXT.ACT_LO_EXT/dest_clk
    SLICE_X32Y85         FDRE                                         r  design_1_i/rst_ps7_0_50M/U0/EXT_LPF/ACTIVE_LOW_EXT.ACT_LO_EXT/syncstages_ff_reg[0]/C

Slack:                    inf
  Source:                 leds_4bits_tri_io[0]
                            (input port)
  Destination:            design_1_i/axi_gpio_0/U0/gpio_core_1/Dual.INPUT_DOUBLE_REGS4/syncstages_ff_reg[0][0]/D
                            (rising edge-triggered cell FDRE clocked by clk_fpga_0  {rise@0.000ns fall@5.000ns period=10.000ns})
  Path Group:             (none)
  Path Type:              Hold (Min at Fast Process Corner)
  Data Path Delay:        1.629ns  (logic 0.243ns (14.914%)  route 1.386ns (85.086%))
  Logic Levels:           1  (IBUF=1)
  Clock Path Skew:        1.188ns (DCD - SCD - CPR)
    Destination Clock Delay (DCD):    1.188ns
    Source Clock Delay      (SCD):    0.000ns
    Clock Pessimism Removal (CPR):    -0.000ns
  Timing Exception:       False Path

    Location             Delay type                Incr(ns)  Path(ns)    Netlist Resource(s)
  -------------------------------------------------------------------    -------------------
    R14                                               0.000     0.000 r  leds_4bits_tri_io[0] (INOUT)
                         net (fo=1, unset)            0.000     0.000    leds_4bits_tri_iobuf_0/IO
    R14                  IBUF (Prop_ibuf_I_O)         0.243     0.243 r  leds_4bits_tri_iobuf_0/IBUF/O
                         net (fo=1, routed)           1.386     1.629    design_1_i/axi_gpio_0/U0/gpio_core_1/Dual.INPUT_DOUBLE_REGS4/async_path_bit[0]
    SLICE_X41Y88         FDRE                                         r  design_1_i/axi_gpio_0/U0/gpio_core_1/Dual.INPUT_DOUBLE_REGS4/syncstages_ff_reg[0][0]/D
  -------------------------------------------------------------------    -------------------

                         (clock clk_fpga_0 rise edge)
                                                      0.000     0.000 r  
    PS7_X0Y0             PS7                          0.000     0.000 r  design_1_i/processing_system7_0/inst/PS7_i/FCLKCLK[0]
                         net (fo=1, routed)           0.337     0.337    design_1_i/processing_system7_0/inst/FCLK_CLK_unbuffered[0]
    BUFGCTRL_X0Y16       BUFG (Prop_bufg_I_O)         0.029     0.366 r  design_1_i/processing_system7_0/inst/buffer_fclk_clk_0.FCLK_CLK_0_BUFG/O
                         net (fo=654, routed)         0.822     1.188    design_1_i/axi_gpio_0/U0/gpio_core_1/Dual.INPUT_DOUBLE_REGS4/dest_clk
    SLICE_X41Y88         FDRE                                         r  design_1_i/axi_gpio_0/U0/gpio_core_1/Dual.INPUT_DOUBLE_REGS4/syncstages_ff_reg[0][0]/C

Slack:                    inf
  Source:                 leds_4bits_tri_io[1]
                            (input port)
  Destination:            design_1_i/axi_gpio_0/U0/gpio_core_1/Dual.INPUT_DOUBLE_REGS4/syncstages_ff_reg[0][1]/D
                            (rising edge-triggered cell FDRE clocked by clk_fpga_0  {rise@0.000ns fall@5.000ns period=10.000ns})
  Path Group:             (none)
  Path Type:              Hold (Min at Fast Process Corner)
  Data Path Delay:        1.683ns  (logic 0.270ns (16.056%)  route 1.412ns (83.944%))
  Logic Levels:           1  (IBUF=1)
  Clock Path Skew:        1.188ns (DCD - SCD - CPR)
    Destination Clock Delay (DCD):    1.188ns
    Source Clock Delay      (SCD):    0.000ns
    Clock Pessimism Removal (CPR):    -0.000ns
  Timing Exception:       False Path

    Location             Delay type                Incr(ns)  Path(ns)    Netlist Resource(s)
  -------------------------------------------------------------------    -------------------
    P14                                               0.000     0.000 r  leds_4bits_tri_io[1] (INOUT)
                         net (fo=1, unset)            0.000     0.000    leds_4bits_tri_iobuf_1/IO
    P14                  IBUF (Prop_ibuf_I_O)         0.270     0.270 r  leds_4bits_tri_iobuf_1/IBUF/O
                         net (fo=1, routed)           1.412     1.683    design_1_i/axi_gpio_0/U0/gpio_core_1/Dual.INPUT_DOUBLE_REGS4/async_path_bit[1]
    SLICE_X42Y89         FDRE                                         r  design_1_i/axi_gpio_0/U0/gpio_core_1/Dual.INPUT_DOUBLE_REGS4/syncstages_ff_reg[0][1]/D
  -------------------------------------------------------------------    -------------------

                         (clock clk_fpga_0 rise edge)
                                                      0.000     0.000 r  
    PS7_X0Y0             PS7                          0.000     0.000 r  design_1_i/processing_system7_0/inst/PS7_i/FCLKCLK[0]
                         net (fo=1, routed)           0.337     0.337    design_1_i/processing_system7_0/inst/FCLK_CLK_unbuffered[0]
    BUFGCTRL_X0Y16       BUFG (Prop_bufg_I_O)         0.029     0.366 r  design_1_i/processing_system7_0/inst/buffer_fclk_clk_0.FCLK_CLK_0_BUFG/O
                         net (fo=654, routed)         0.822     1.188    design_1_i/axi_gpio_0/U0/gpio_core_1/Dual.INPUT_DOUBLE_REGS4/dest_clk
    SLICE_X42Y89         FDRE                                         r  design_1_i/axi_gpio_0/U0/gpio_core_1/Dual.INPUT_DOUBLE_REGS4/syncstages_ff_reg[0][1]/C

Slack:                    inf
  Source:                 leds_4bits_tri_io[3]
                            (input port)
  Destination:            design_1_i/axi_gpio_0/U0/gpio_core_1/Dual.INPUT_DOUBLE_REGS4/syncstages_ff_reg[0][3]/D
                            (rising edge-triggered cell FDRE clocked by clk_fpga_0  {rise@0.000ns fall@5.000ns period=10.000ns})
  Path Group:             (none)
  Path Type:              Hold (Min at Fast Process Corner)
  Data Path Delay:        1.755ns  (logic 0.294ns (16.727%)  route 1.461ns (83.273%))
  Logic Levels:           1  (IBUF=1)
  Clock Path Skew:        1.190ns (DCD - SCD - CPR)
    Destination Clock Delay (DCD):    1.190ns
    Source Clock Delay      (SCD):    0.000ns
    Clock Pessimism Removal (CPR):    -0.000ns
  Timing Exception:       False Path

    Location             Delay type                Incr(ns)  Path(ns)    Netlist Resource(s)
  -------------------------------------------------------------------    -------------------
    M14                                               0.000     0.000 r  leds_4bits_tri_io[3] (INOUT)
                         net (fo=1, unset)            0.000     0.000    leds_4bits_tri_iobuf_3/IO
    M14                  IBUF (Prop_ibuf_I_O)         0.294     0.294 r  leds_4bits_tri_iobuf_3/IBUF/O
                         net (fo=1, routed)           1.461     1.755    design_1_i/axi_gpio_0/U0/gpio_core_1/Dual.INPUT_DOUBLE_REGS4/async_path_bit[3]
    SLICE_X44Y94         FDRE                                         r  design_1_i/axi_gpio_0/U0/gpio_core_1/Dual.INPUT_DOUBLE_REGS4/syncstages_ff_reg[0][3]/D
  -------------------------------------------------------------------    -------------------

                         (clock clk_fpga_0 rise edge)
                                                      0.000     0.000 r  
    PS7_X0Y0             PS7                          0.000     0.000 r  design_1_i/processing_system7_0/inst/PS7_i/FCLKCLK[0]
                         net (fo=1, routed)           0.337     0.337    design_1_i/processing_system7_0/inst/FCLK_CLK_unbuffered[0]
    BUFGCTRL_X0Y16       BUFG (Prop_bufg_I_O)         0.029     0.366 r  design_1_i/processing_system7_0/inst/buffer_fclk_clk_0.FCLK_CLK_0_BUFG/O
                         net (fo=654, routed)         0.824     1.190    design_1_i/axi_gpio_0/U0/gpio_core_1/Dual.INPUT_DOUBLE_REGS4/dest_clk
    SLICE_X44Y94         FDRE                                         r  design_1_i/axi_gpio_0/U0/gpio_core_1/Dual.INPUT_DOUBLE_REGS4/syncstages_ff_reg[0][3]/C

Slack:                    inf
  Source:                 leds_4bits_tri_io[2]
                            (input port)
  Destination:            design_1_i/axi_gpio_0/U0/gpio_core_1/Dual.INPUT_DOUBLE_REGS4/syncstages_ff_reg[0][2]/D
                            (rising edge-triggered cell FDRE clocked by clk_fpga_0  {rise@0.000ns fall@5.000ns period=10.000ns})
  Path Group:             (none)
  Path Type:              Hold (Min at Fast Process Corner)
  Data Path Delay:        1.843ns  (logic 0.285ns (15.469%)  route 1.558ns (84.531%))
  Logic Levels:           1  (IBUF=1)
  Clock Path Skew:        1.190ns (DCD - SCD - CPR)
    Destination Clock Delay (DCD):    1.190ns
    Source Clock Delay      (SCD):    0.000ns
    Clock Pessimism Removal (CPR):    -0.000ns
  Timing Exception:       False Path

    Location             Delay type                Incr(ns)  Path(ns)    Netlist Resource(s)
  -------------------------------------------------------------------    -------------------
    N16                                               0.000     0.000 r  leds_4bits_tri_io[2] (INOUT)
                         net (fo=1, unset)            0.000     0.000    leds_4bits_tri_iobuf_2/IO
    N16                  IBUF (Prop_ibuf_I_O)         0.285     0.285 r  leds_4bits_tri_iobuf_2/IBUF/O
                         net (fo=1, routed)           1.558     1.843    design_1_i/axi_gpio_0/U0/gpio_core_1/Dual.INPUT_DOUBLE_REGS4/async_path_bit[2]
    SLICE_X44Y96         FDRE                                         r  design_1_i/axi_gpio_0/U0/gpio_core_1/Dual.INPUT_DOUBLE_REGS4/syncstages_ff_reg[0][2]/D
  -------------------------------------------------------------------    -------------------

                         (clock clk_fpga_0 rise edge)
                                                      0.000     0.000 r  
    PS7_X0Y0             PS7                          0.000     0.000 r  design_1_i/processing_system7_0/inst/PS7_i/FCLKCLK[0]
                         net (fo=1, routed)           0.337     0.337    design_1_i/processing_system7_0/inst/FCLK_CLK_unbuffered[0]
    BUFGCTRL_X0Y16       BUFG (Prop_bufg_I_O)         0.029     0.366 r  design_1_i/processing_system7_0/inst/buffer_fclk_clk_0.FCLK_CLK_0_BUFG/O
                         net (fo=654, routed)         0.824     1.190    design_1_i/axi_gpio_0/U0/gpio_core_1/Dual.INPUT_DOUBLE_REGS4/dest_clk
    SLICE_X44Y96         FDRE                                         r  design_1_i/axi_gpio_0/U0/gpio_core_1/Dual.INPUT_DOUBLE_REGS4/syncstages_ff_reg[0][2]/C

Slack:                    inf
  Source:                 btns_4bits_tri_i[1]
                            (input port)
  Destination:            design_1_i/axi_gpio_0/U0/gpio_core_1/Dual.INPUT_DOUBLE_REGS5/syncstages_ff_reg[0][1]/D
                            (rising edge-triggered cell FDRE clocked by clk_fpga_0  {rise@0.000ns fall@5.000ns period=10.000ns})
  Path Group:             (none)
  Path Type:              Hold (Min at Fast Process Corner)
  Data Path Delay:        2.079ns  (logic 0.232ns (11.156%)  route 1.847ns (88.844%))
  Logic Levels:           1  (IBUF=1)
  Clock Path Skew:        1.190ns (DCD - SCD - CPR)
    Destination Clock Delay (DCD):    1.190ns
    Source Clock Delay      (SCD):    0.000ns
    Clock Pessimism Removal (CPR):    -0.000ns
  Timing Exception:       False Path

    Location             Delay type                Incr(ns)  Path(ns)    Netlist Resource(s)
  -------------------------------------------------------------------    -------------------
    D20                                               0.000     0.000 r  btns_4bits_tri_i[1] (IN)
                         net (fo=0)                   0.000     0.000    btns_4bits_tri_i[1]
    D20                  IBUF (Prop_ibuf_I_O)         0.232     0.232 r  btns_4bits_tri_i_IBUF[1]_inst/O
                         net (fo=1, routed)           1.847     2.079    design_1_i/axi_gpio_0/U0/gpio_core_1/Dual.INPUT_DOUBLE_REGS5/async_path_bit[1]
    SLICE_X44Y93         FDRE                                         r  design_1_i/axi_gpio_0/U0/gpio_core_1/Dual.INPUT_DOUBLE_REGS5/syncstages_ff_reg[0][1]/D
  -------------------------------------------------------------------    -------------------

                         (clock clk_fpga_0 rise edge)
                                                      0.000     0.000 r  
    PS7_X0Y0             PS7                          0.000     0.000 r  design_1_i/processing_system7_0/inst/PS7_i/FCLKCLK[0]
                         net (fo=1, routed)           0.337     0.337    design_1_i/processing_system7_0/inst/FCLK_CLK_unbuffered[0]
    BUFGCTRL_X0Y16       BUFG (Prop_bufg_I_O)         0.029     0.366 r  design_1_i/processing_system7_0/inst/buffer_fclk_clk_0.FCLK_CLK_0_BUFG/O
                         net (fo=654, routed)         0.824     1.190    design_1_i/axi_gpio_0/U0/gpio_core_1/Dual.INPUT_DOUBLE_REGS5/dest_clk
    SLICE_X44Y93         FDRE                                         r  design_1_i/axi_gpio_0/U0/gpio_core_1/Dual.INPUT_DOUBLE_REGS5/syncstages_ff_reg[0][1]/C

Slack:                    inf
  Source:                 btns_4bits_tri_i[2]
                            (input port)
  Destination:            design_1_i/axi_gpio_0/U0/gpio_core_1/Dual.INPUT_DOUBLE_REGS5/syncstages_ff_reg[0][2]/D
                            (rising edge-triggered cell FDRE clocked by clk_fpga_0  {rise@0.000ns fall@5.000ns period=10.000ns})
  Path Group:             (none)
  Path Type:              Hold (Min at Fast Process Corner)
  Data Path Delay:        2.151ns  (logic 0.281ns (13.045%)  route 1.870ns (86.955%))
  Logic Levels:           1  (IBUF=1)
  Clock Path Skew:        1.190ns (DCD - SCD - CPR)
    Destination Clock Delay (DCD):    1.190ns
    Source Clock Delay      (SCD):    0.000ns
    Clock Pessimism Removal (CPR):    -0.000ns
  Timing Exception:       False Path

    Location             Delay type                Incr(ns)  Path(ns)    Netlist Resource(s)
  -------------------------------------------------------------------    -------------------
    L20                                               0.000     0.000 r  btns_4bits_tri_i[2] (IN)
                         net (fo=0)                   0.000     0.000    btns_4bits_tri_i[2]
    L20                  IBUF (Prop_ibuf_I_O)         0.281     0.281 r  btns_4bits_tri_i_IBUF[2]_inst/O
                         net (fo=1, routed)           1.870     2.151    design_1_i/axi_gpio_0/U0/gpio_core_1/Dual.INPUT_DOUBLE_REGS5/async_path_bit[2]
    SLICE_X40Y96         FDRE                                         r  design_1_i/axi_gpio_0/U0/gpio_core_1/Dual.INPUT_DOUBLE_REGS5/syncstages_ff_reg[0][2]/D
  -------------------------------------------------------------------    -------------------

                         (clock clk_fpga_0 rise edge)
                                                      0.000     0.000 r  
    PS7_X0Y0             PS7                          0.000     0.000 r  design_1_i/processing_system7_0/inst/PS7_i/FCLKCLK[0]
                         net (fo=1, routed)           0.337     0.337    design_1_i/processing_system7_0/inst/FCLK_CLK_unbuffered[0]
    BUFGCTRL_X0Y16       BUFG (Prop_bufg_I_O)         0.029     0.366 r  design_1_i/processing_system7_0/inst/buffer_fclk_clk_0.FCLK_CLK_0_BUFG/O
                         net (fo=654, routed)         0.824     1.190    design_1_i/axi_gpio_0/U0/gpio_core_1/Dual.INPUT_DOUBLE_REGS5/dest_clk
    SLICE_X40Y96         FDRE                                         r  design_1_i/axi_gpio_0/U0/gpio_core_1/Dual.INPUT_DOUBLE_REGS5/syncstages_ff_reg[0][2]/C

Slack:                    inf
  Source:                 btns_4bits_tri_i[3]
                            (input port)
  Destination:            design_1_i/axi_gpio_0/U0/gpio_core_1/Dual.INPUT_DOUBLE_REGS5/syncstages_ff_reg[0][3]/D
                            (rising edge-triggered cell FDRE clocked by clk_fpga_0  {rise@0.000ns fall@5.000ns period=10.000ns})
  Path Group:             (none)
  Path Type:              Hold (Min at Fast Process Corner)
  Data Path Delay:        2.185ns  (logic 0.275ns (12.592%)  route 1.910ns (87.408%))
  Logic Levels:           1  (IBUF=1)
  Clock Path Skew:        1.190ns (DCD - SCD - CPR)
    Destination Clock Delay (DCD):    1.190ns
    Source Clock Delay      (SCD):    0.000ns
    Clock Pessimism Removal (CPR):    -0.000ns
  Timing Exception:       False Path

    Location             Delay type                Incr(ns)  Path(ns)    Netlist Resource(s)
  -------------------------------------------------------------------    -------------------
    L19                                               0.000     0.000 r  btns_4bits_tri_i[3] (IN)
                         net (fo=0)                   0.000     0.000    btns_4bits_tri_i[3]
    L19                  IBUF (Prop_ibuf_I_O)         0.275     0.275 r  btns_4bits_tri_i_IBUF[3]_inst/O
                         net (fo=1, routed)           1.910     2.185    design_1_i/axi_gpio_0/U0/gpio_core_1/Dual.INPUT_DOUBLE_REGS5/async_path_bit[3]
    SLICE_X40Y94         FDRE                                         r  design_1_i/axi_gpio_0/U0/gpio_core_1/Dual.INPUT_DOUBLE_REGS5/syncstages_ff_reg[0][3]/D
  -------------------------------------------------------------------    -------------------

                         (clock clk_fpga_0 rise edge)
                                                      0.000     0.000 r  
    PS7_X0Y0             PS7                          0.000     0.000 r  design_1_i/processing_system7_0/inst/PS7_i/FCLKCLK[0]
                         net (fo=1, routed)           0.337     0.337    design_1_i/processing_system7_0/inst/FCLK_CLK_unbuffered[0]
    BUFGCTRL_X0Y16       BUFG (Prop_bufg_I_O)         0.029     0.366 r  design_1_i/processing_system7_0/inst/buffer_fclk_clk_0.FCLK_CLK_0_BUFG/O
                         net (fo=654, routed)         0.824     1.190    design_1_i/axi_gpio_0/U0/gpio_core_1/Dual.INPUT_DOUBLE_REGS5/dest_clk
    SLICE_X40Y94         FDRE                                         r  design_1_i/axi_gpio_0/U0/gpio_core_1/Dual.INPUT_DOUBLE_REGS5/syncstages_ff_reg[0][3]/C

Slack:                    inf
  Source:                 btns_4bits_tri_i[0]
                            (input port)
  Destination:            design_1_i/axi_gpio_0/U0/gpio_core_1/Dual.INPUT_DOUBLE_REGS5/syncstages_ff_reg[0][0]/D
                            (rising edge-triggered cell FDRE clocked by clk_fpga_0  {rise@0.000ns fall@5.000ns period=10.000ns})
  Path Group:             (none)
  Path Type:              Hold (Min at Fast Process Corner)
  Data Path Delay:        2.320ns  (logic 0.231ns (9.975%)  route 2.088ns (90.025%))
  Logic Levels:           1  (IBUF=1)
  Clock Path Skew:        1.189ns (DCD - SCD - CPR)
    Destination Clock Delay (DCD):    1.189ns
    Source Clock Delay      (SCD):    0.000ns
    Clock Pessimism Removal (CPR):    -0.000ns
  Timing Exception:       False Path

    Location             Delay type                Incr(ns)  Path(ns)    Netlist Resource(s)
  -------------------------------------------------------------------    -------------------
    D19                                               0.000     0.000 r  btns_4bits_tri_i[0] (IN)
                         net (fo=0)                   0.000     0.000    btns_4bits_tri_i[0]
    D19                  IBUF (Prop_ibuf_I_O)         0.231     0.231 r  btns_4bits_tri_i_IBUF[0]_inst/O
                         net (fo=1, routed)           2.088     2.320    design_1_i/axi_gpio_0/U0/gpio_core_1/Dual.INPUT_DOUBLE_REGS5/async_path_bit[0]
    SLICE_X41Y91         FDRE                                         r  design_1_i/axi_gpio_0/U0/gpio_core_1/Dual.INPUT_DOUBLE_REGS5/syncstages_ff_reg[0][0]/D
  -------------------------------------------------------------------    -------------------

                         (clock clk_fpga_0 rise edge)
                                                      0.000     0.000 r  
    PS7_X0Y0             PS7                          0.000     0.000 r  design_1_i/processing_system7_0/inst/PS7_i/FCLKCLK[0]
                         net (fo=1, routed)           0.337     0.337    design_1_i/processing_system7_0/inst/FCLK_CLK_unbuffered[0]
    BUFGCTRL_X0Y16       BUFG (Prop_bufg_I_O)         0.029     0.366 r  design_1_i/processing_system7_0/inst/buffer_fclk_clk_0.FCLK_CLK_0_BUFG/O
                         net (fo=654, routed)         0.823     1.189    design_1_i/axi_gpio_0/U0/gpio_core_1/Dual.INPUT_DOUBLE_REGS5/dest_clk
    SLICE_X41Y91         FDRE                                         r  design_1_i/axi_gpio_0/U0/gpio_core_1/Dual.INPUT_DOUBLE_REGS5/syncstages_ff_reg[0][0]/C





--------------------------------------------------------------------------------------
Path Group:  (none)
From Clock:  clk_fpga_0
  To Clock:  clk_fpga_0

Max Delay            28 Endpoints
Min Delay            28 Endpoints
--------------------------------------------------------------------------------------


Max Delay Paths
--------------------------------------------------------------------------------------
Slack:                    inf
  Source:                 design_1_i/axi_smc/inst/clk_map/psr_aclk/U0/ACTIVE_LOW_BSR_OUT_DFF[0].FDRE_BSR_N/C
                            (rising edge-triggered cell FDRE clocked by clk_fpga_0  {rise@0.000ns fall@5.000ns period=10.000ns})
  Destination:            design_1_i/axi_smc/inst/s00_entry_pipeline/s00_si_converter/inst/xpm_cdc_async_rst_inst/arststages_ff_reg[0]/CLR
                            (recovery check against rising-edge clock clk_fpga_0  {rise@0.000ns fall@5.000ns period=10.000ns})
  Path Group:             (none)
  Path Type:              Recovery (Max at Slow Process Corner)
  Data Path Delay:        2.495ns  (logic 0.642ns (25.730%)  route 1.853ns (74.270%))
  Logic Levels:           1  (LUT1=1)
  Clock Path Skew:        -0.305ns (DCD - SCD + CPR)
    Destination Clock Delay (DCD):    2.834ns
    Source Clock Delay      (SCD):    3.139ns
    Clock Pessimism Removal (CPR):    0.000ns
  Clock Uncertainty:      0.154ns  ((TSJ^2 + TIJ^2)^1/2 + DJ) / 2 + PE
    Total System Jitter     (TSJ):    0.071ns
    Total Input Jitter      (TIJ):    0.300ns
    Discrete Jitter          (DJ):    0.000ns
    Phase Error              (PE):    0.000ns
  Timing Exception:       False Path

    Location             Delay type                Incr(ns)  Path(ns)    Netlist Resource(s)
  -------------------------------------------------------------------    -------------------
                         (clock clk_fpga_0 rise edge)
                                                      0.000     0.000 r  
    PS7_X0Y0             PS7                          0.000     0.000 r  design_1_i/processing_system7_0/inst/PS7_i/FCLKCLK[0]
                         net (fo=1, routed)           1.193     1.193    design_1_i/processing_system7_0/inst/FCLK_CLK_unbuffered[0]
    BUFGCTRL_X0Y16       BUFG (Prop_bufg_I_O)         0.101     1.294 r  design_1_i/processing_system7_0/inst/buffer_fclk_clk_0.FCLK_CLK_0_BUFG/O
                         net (fo=654, routed)         1.845     3.139    design_1_i/axi_smc/inst/clk_map/psr_aclk/U0/aclk
    SLICE_X38Y101        FDRE                                         r  design_1_i/axi_smc/inst/clk_map/psr_aclk/U0/ACTIVE_LOW_BSR_OUT_DFF[0].FDRE_BSR_N/C
  -------------------------------------------------------------------    -------------------
    SLICE_X38Y101        FDRE (Prop_fdre_C_Q)         0.518     3.657 r  design_1_i/axi_smc/inst/clk_map/psr_aclk/U0/ACTIVE_LOW_BSR_OUT_DFF[0].FDRE_BSR_N/Q
                         net (fo=9, routed)           1.153     4.810    design_1_i/axi_smc/inst/s00_entry_pipeline/s00_si_converter/inst/xpm_cdc_async_rst_inst/src_arst
    SLICE_X36Y98         LUT1 (Prop_lut1_I0_O)        0.124     4.934 f  design_1_i/axi_smc/inst/s00_entry_pipeline/s00_si_converter/inst/xpm_cdc_async_rst_inst/arststages_ff[2]_i_1/O
                         net (fo=3, routed)           0.700     5.634    design_1_i/axi_smc/inst/s00_entry_pipeline/s00_si_converter/inst/xpm_cdc_async_rst_inst/reset_pol
    SLICE_X35Y100        FDCE                                         f  design_1_i/axi_smc/inst/s00_entry_pipeline/s00_si_converter/inst/xpm_cdc_async_rst_inst/arststages_ff_reg[0]/CLR
  -------------------------------------------------------------------    -------------------

                         (clock clk_fpga_0 rise edge)
                                                      0.000     0.000 r  
    PS7_X0Y0             PS7                          0.000     0.000 r  design_1_i/processing_system7_0/inst/PS7_i/FCLKCLK[0]
                         net (fo=1, routed)           1.088     1.088    design_1_i/processing_system7_0/inst/FCLK_CLK_unbuffered[0]
    BUFGCTRL_X0Y16       BUFG (Prop_bufg_I_O)         0.091     1.179 r  design_1_i/processing_system7_0/inst/buffer_fclk_clk_0.FCLK_CLK_0_BUFG/O
                         net (fo=654, routed)         1.655     2.834    design_1_i/axi_smc/inst/s00_entry_pipeline/s00_si_converter/inst/xpm_cdc_async_rst_inst/dest_clk
    SLICE_X35Y100        FDCE                                         r  design_1_i/axi_smc/inst/s00_entry_pipeline/s00_si_converter/inst/xpm_cdc_async_rst_inst/arststages_ff_reg[0]/C

Slack:                    inf
  Source:                 design_1_i/axi_smc/inst/clk_map/psr_aclk/U0/ACTIVE_LOW_BSR_OUT_DFF[0].FDRE_BSR_N/C
                            (rising edge-triggered cell FDRE clocked by clk_fpga_0  {rise@0.000ns fall@5.000ns period=10.000ns})
  Destination:            design_1_i/axi_smc/inst/s00_entry_pipeline/s00_si_converter/inst/xpm_cdc_async_rst_inst/arststages_ff_reg[1]/CLR
                            (recovery check against rising-edge clock clk_fpga_0  {rise@0.000ns fall@5.000ns period=10.000ns})
  Path Group:             (none)
  Path Type:              Recovery (Max at Slow Process Corner)
  Data Path Delay:        2.495ns  (logic 0.642ns (25.730%)  route 1.853ns (74.270%))
  Logic Levels:           1  (LUT1=1)
  Clock Path Skew:        -0.305ns (DCD - SCD + CPR)
    Destination Clock Delay (DCD):    2.834ns
    Source Clock Delay      (SCD):    3.139ns
    Clock Pessimism Removal (CPR):    0.000ns
  Clock Uncertainty:      0.154ns  ((TSJ^2 + TIJ^2)^1/2 + DJ) / 2 + PE
    Total System Jitter     (TSJ):    0.071ns
    Total Input Jitter      (TIJ):    0.300ns
    Discrete Jitter          (DJ):    0.000ns
    Phase Error              (PE):    0.000ns
  Timing Exception:       False Path

    Location             Delay type                Incr(ns)  Path(ns)    Netlist Resource(s)
  -------------------------------------------------------------------    -------------------
                         (clock clk_fpga_0 rise edge)
                                                      0.000     0.000 r  
    PS7_X0Y0             PS7                          0.000     0.000 r  design_1_i/processing_system7_0/inst/PS7_i/FCLKCLK[0]
                         net (fo=1, routed)           1.193     1.193    design_1_i/processing_system7_0/inst/FCLK_CLK_unbuffered[0]
    BUFGCTRL_X0Y16       BUFG (Prop_bufg_I_O)         0.101     1.294 r  design_1_i/processing_system7_0/inst/buffer_fclk_clk_0.FCLK_CLK_0_BUFG/O
                         net (fo=654, routed)         1.845     3.139    design_1_i/axi_smc/inst/clk_map/psr_aclk/U0/aclk
    SLICE_X38Y101        FDRE                                         r  design_1_i/axi_smc/inst/clk_map/psr_aclk/U0/ACTIVE_LOW_BSR_OUT_DFF[0].FDRE_BSR_N/C
  -------------------------------------------------------------------    -------------------
    SLICE_X38Y101        FDRE (Prop_fdre_C_Q)         0.518     3.657 r  design_1_i/axi_smc/inst/clk_map/psr_aclk/U0/ACTIVE_LOW_BSR_OUT_DFF[0].FDRE_BSR_N/Q
                         net (fo=9, routed)           1.153     4.810    design_1_i/axi_smc/inst/s00_entry_pipeline/s00_si_converter/inst/xpm_cdc_async_rst_inst/src_arst
    SLICE_X36Y98         LUT1 (Prop_lut1_I0_O)        0.124     4.934 f  design_1_i/axi_smc/inst/s00_entry_pipeline/s00_si_converter/inst/xpm_cdc_async_rst_inst/arststages_ff[2]_i_1/O
                         net (fo=3, routed)           0.700     5.634    design_1_i/axi_smc/inst/s00_entry_pipeline/s00_si_converter/inst/xpm_cdc_async_rst_inst/reset_pol
    SLICE_X35Y100        FDCE                                         f  design_1_i/axi_smc/inst/s00_entry_pipeline/s00_si_converter/inst/xpm_cdc_async_rst_inst/arststages_ff_reg[1]/CLR
  -------------------------------------------------------------------    -------------------

                         (clock clk_fpga_0 rise edge)
                                                      0.000     0.000 r  
    PS7_X0Y0             PS7                          0.000     0.000 r  design_1_i/processing_system7_0/inst/PS7_i/FCLKCLK[0]
                         net (fo=1, routed)           1.088     1.088    design_1_i/processing_system7_0/inst/FCLK_CLK_unbuffered[0]
    BUFGCTRL_X0Y16       BUFG (Prop_bufg_I_O)         0.091     1.179 r  design_1_i/processing_system7_0/inst/buffer_fclk_clk_0.FCLK_CLK_0_BUFG/O
                         net (fo=654, routed)         1.655     2.834    design_1_i/axi_smc/inst/s00_entry_pipeline/s00_si_converter/inst/xpm_cdc_async_rst_inst/dest_clk
    SLICE_X35Y100        FDCE                                         r  design_1_i/axi_smc/inst/s00_entry_pipeline/s00_si_converter/inst/xpm_cdc_async_rst_inst/arststages_ff_reg[1]/C

Slack:                    inf
  Source:                 design_1_i/axi_smc/inst/clk_map/psr_aclk/U0/ACTIVE_LOW_BSR_OUT_DFF[0].FDRE_BSR_N/C
                            (rising edge-triggered cell FDRE clocked by clk_fpga_0  {rise@0.000ns fall@5.000ns period=10.000ns})
  Destination:            design_1_i/axi_smc/inst/s00_entry_pipeline/s00_si_converter/inst/xpm_cdc_async_rst_inst/arststages_ff_reg[2]/CLR
                            (recovery check against rising-edge clock clk_fpga_0  {rise@0.000ns fall@5.000ns period=10.000ns})
  Path Group:             (none)
  Path Type:              Recovery (Max at Slow Process Corner)
  Data Path Delay:        2.495ns  (logic 0.642ns (25.730%)  route 1.853ns (74.270%))
  Logic Levels:           1  (LUT1=1)
  Clock Path Skew:        -0.305ns (DCD - SCD + CPR)
    Destination Clock Delay (DCD):    2.834ns
    Source Clock Delay      (SCD):    3.139ns
    Clock Pessimism Removal (CPR):    0.000ns
  Clock Uncertainty:      0.154ns  ((TSJ^2 + TIJ^2)^1/2 + DJ) / 2 + PE
    Total System Jitter     (TSJ):    0.071ns
    Total Input Jitter      (TIJ):    0.300ns
    Discrete Jitter          (DJ):    0.000ns
    Phase Error              (PE):    0.000ns
  Timing Exception:       False Path

    Location             Delay type                Incr(ns)  Path(ns)    Netlist Resource(s)
  -------------------------------------------------------------------    -------------------
                         (clock clk_fpga_0 rise edge)
                                                      0.000     0.000 r  
    PS7_X0Y0             PS7                          0.000     0.000 r  design_1_i/processing_system7_0/inst/PS7_i/FCLKCLK[0]
                         net (fo=1, routed)           1.193     1.193    design_1_i/processing_system7_0/inst/FCLK_CLK_unbuffered[0]
    BUFGCTRL_X0Y16       BUFG (Prop_bufg_I_O)         0.101     1.294 r  design_1_i/processing_system7_0/inst/buffer_fclk_clk_0.FCLK_CLK_0_BUFG/O
                         net (fo=654, routed)         1.845     3.139    design_1_i/axi_smc/inst/clk_map/psr_aclk/U0/aclk
    SLICE_X38Y101        FDRE                                         r  design_1_i/axi_smc/inst/clk_map/psr_aclk/U0/ACTIVE_LOW_BSR_OUT_DFF[0].FDRE_BSR_N/C
  -------------------------------------------------------------------    -------------------
    SLICE_X38Y101        FDRE (Prop_fdre_C_Q)         0.518     3.657 r  design_1_i/axi_smc/inst/clk_map/psr_aclk/U0/ACTIVE_LOW_BSR_OUT_DFF[0].FDRE_BSR_N/Q
                         net (fo=9, routed)           1.153     4.810    design_1_i/axi_smc/inst/s00_entry_pipeline/s00_si_converter/inst/xpm_cdc_async_rst_inst/src_arst
    SLICE_X36Y98         LUT1 (Prop_lut1_I0_O)        0.124     4.934 f  design_1_i/axi_smc/inst/s00_entry_pipeline/s00_si_converter/inst/xpm_cdc_async_rst_inst/arststages_ff[2]_i_1/O
                         net (fo=3, routed)           0.700     5.634    design_1_i/axi_smc/inst/s00_entry_pipeline/s00_si_converter/inst/xpm_cdc_async_rst_inst/reset_pol
    SLICE_X35Y100        FDCE                                         f  design_1_i/axi_smc/inst/s00_entry_pipeline/s00_si_converter/inst/xpm_cdc_async_rst_inst/arststages_ff_reg[2]/CLR
  -------------------------------------------------------------------    -------------------

                         (clock clk_fpga_0 rise edge)
                                                      0.000     0.000 r  
    PS7_X0Y0             PS7                          0.000     0.000 r  design_1_i/processing_system7_0/inst/PS7_i/FCLKCLK[0]
                         net (fo=1, routed)           1.088     1.088    design_1_i/processing_system7_0/inst/FCLK_CLK_unbuffered[0]
    BUFGCTRL_X0Y16       BUFG (Prop_bufg_I_O)         0.091     1.179 r  design_1_i/processing_system7_0/inst/buffer_fclk_clk_0.FCLK_CLK_0_BUFG/O
                         net (fo=654, routed)         1.655     2.834    design_1_i/axi_smc/inst/s00_entry_pipeline/s00_si_converter/inst/xpm_cdc_async_rst_inst/dest_clk
    SLICE_X35Y100        FDCE                                         r  design_1_i/axi_smc/inst/s00_entry_pipeline/s00_si_converter/inst/xpm_cdc_async_rst_inst/arststages_ff_reg[2]/C

Slack:                    inf
  Source:                 design_1_i/axi_smc/inst/clk_map/psr_aclk/U0/ACTIVE_LOW_BSR_OUT_DFF[0].FDRE_BSR_N/C
                            (rising edge-triggered cell FDRE clocked by clk_fpga_0  {rise@0.000ns fall@5.000ns period=10.000ns})
  Destination:            design_1_i/axi_smc/inst/s00_entry_pipeline/s00_transaction_regulator/inst/xpm_cdc_async_rst_inst/arststages_ff_reg[0]/CLR
                            (recovery check against rising-edge clock clk_fpga_0  {rise@0.000ns fall@5.000ns period=10.000ns})
  Path Group:             (none)
  Path Type:              Recovery (Max at Slow Process Corner)
  Data Path Delay:        2.481ns  (logic 0.668ns (26.929%)  route 1.813ns (73.071%))
  Logic Levels:           1  (LUT1=1)
  Clock Path Skew:        -0.479ns (DCD - SCD + CPR)
    Destination Clock Delay (DCD):    2.660ns
    Source Clock Delay      (SCD):    3.139ns
    Clock Pessimism Removal (CPR):    0.000ns
  Clock Uncertainty:      0.154ns  ((TSJ^2 + TIJ^2)^1/2 + DJ) / 2 + PE
    Total System Jitter     (TSJ):    0.071ns
    Total Input Jitter      (TIJ):    0.300ns
    Discrete Jitter          (DJ):    0.000ns
    Phase Error              (PE):    0.000ns
  Timing Exception:       False Path

    Location             Delay type                Incr(ns)  Path(ns)    Netlist Resource(s)
  -------------------------------------------------------------------    -------------------
                         (clock clk_fpga_0 rise edge)
                                                      0.000     0.000 r  
    PS7_X0Y0             PS7                          0.000     0.000 r  design_1_i/processing_system7_0/inst/PS7_i/FCLKCLK[0]
                         net (fo=1, routed)           1.193     1.193    design_1_i/processing_system7_0/inst/FCLK_CLK_unbuffered[0]
    BUFGCTRL_X0Y16       BUFG (Prop_bufg_I_O)         0.101     1.294 r  design_1_i/processing_system7_0/inst/buffer_fclk_clk_0.FCLK_CLK_0_BUFG/O
                         net (fo=654, routed)         1.845     3.139    design_1_i/axi_smc/inst/clk_map/psr_aclk/U0/aclk
    SLICE_X38Y101        FDRE                                         r  design_1_i/axi_smc/inst/clk_map/psr_aclk/U0/ACTIVE_LOW_BSR_OUT_DFF[0].FDRE_BSR_N/C
  -------------------------------------------------------------------    -------------------
    SLICE_X38Y101        FDRE (Prop_fdre_C_Q)         0.518     3.657 r  design_1_i/axi_smc/inst/clk_map/psr_aclk/U0/ACTIVE_LOW_BSR_OUT_DFF[0].FDRE_BSR_N/Q
                         net (fo=9, routed)           1.153     4.810    design_1_i/axi_smc/inst/s00_entry_pipeline/s00_transaction_regulator/inst/xpm_cdc_async_rst_inst/src_arst
    SLICE_X36Y98         LUT1 (Prop_lut1_I0_O)        0.150     4.960 f  design_1_i/axi_smc/inst/s00_entry_pipeline/s00_transaction_regulator/inst/xpm_cdc_async_rst_inst/arststages_ff[2]_i_1/O
                         net (fo=3, routed)           0.659     5.620    design_1_i/axi_smc/inst/s00_entry_pipeline/s00_transaction_regulator/inst/xpm_cdc_async_rst_inst/reset_pol
    SLICE_X35Y98         FDCE                                         f  design_1_i/axi_smc/inst/s00_entry_pipeline/s00_transaction_regulator/inst/xpm_cdc_async_rst_inst/arststages_ff_reg[0]/CLR
  -------------------------------------------------------------------    -------------------

                         (clock clk_fpga_0 rise edge)
                                                      0.000     0.000 r  
    PS7_X0Y0             PS7                          0.000     0.000 r  design_1_i/processing_system7_0/inst/PS7_i/FCLKCLK[0]
                         net (fo=1, routed)           1.088     1.088    design_1_i/processing_system7_0/inst/FCLK_CLK_unbuffered[0]
    BUFGCTRL_X0Y16       BUFG (Prop_bufg_I_O)         0.091     1.179 r  design_1_i/processing_system7_0/inst/buffer_fclk_clk_0.FCLK_CLK_0_BUFG/O
                         net (fo=654, routed)         1.481     2.660    design_1_i/axi_smc/inst/s00_entry_pipeline/s00_transaction_regulator/inst/xpm_cdc_async_rst_inst/dest_clk
    SLICE_X35Y98         FDCE                                         r  design_1_i/axi_smc/inst/s00_entry_pipeline/s00_transaction_regulator/inst/xpm_cdc_async_rst_inst/arststages_ff_reg[0]/C

Slack:                    inf
  Source:                 design_1_i/axi_smc/inst/clk_map/psr_aclk/U0/ACTIVE_LOW_BSR_OUT_DFF[0].FDRE_BSR_N/C
                            (rising edge-triggered cell FDRE clocked by clk_fpga_0  {rise@0.000ns fall@5.000ns period=10.000ns})
  Destination:            design_1_i/axi_smc/inst/s00_entry_pipeline/s00_transaction_regulator/inst/xpm_cdc_async_rst_inst/arststages_ff_reg[1]/CLR
                            (recovery check against rising-edge clock clk_fpga_0  {rise@0.000ns fall@5.000ns period=10.000ns})
  Path Group:             (none)
  Path Type:              Recovery (Max at Slow Process Corner)
  Data Path Delay:        2.481ns  (logic 0.668ns (26.929%)  route 1.813ns (73.071%))
  Logic Levels:           1  (LUT1=1)
  Clock Path Skew:        -0.479ns (DCD - SCD + CPR)
    Destination Clock Delay (DCD):    2.660ns
    Source Clock Delay      (SCD):    3.139ns
    Clock Pessimism Removal (CPR):    0.000ns
  Clock Uncertainty:      0.154ns  ((TSJ^2 + TIJ^2)^1/2 + DJ) / 2 + PE
    Total System Jitter     (TSJ):    0.071ns
    Total Input Jitter      (TIJ):    0.300ns
    Discrete Jitter          (DJ):    0.000ns
    Phase Error              (PE):    0.000ns
  Timing Exception:       False Path

    Location             Delay type                Incr(ns)  Path(ns)    Netlist Resource(s)
  -------------------------------------------------------------------    -------------------
                         (clock clk_fpga_0 rise edge)
                                                      0.000     0.000 r  
    PS7_X0Y0             PS7                          0.000     0.000 r  design_1_i/processing_system7_0/inst/PS7_i/FCLKCLK[0]
                         net (fo=1, routed)           1.193     1.193    design_1_i/processing_system7_0/inst/FCLK_CLK_unbuffered[0]
    BUFGCTRL_X0Y16       BUFG (Prop_bufg_I_O)         0.101     1.294 r  design_1_i/processing_system7_0/inst/buffer_fclk_clk_0.FCLK_CLK_0_BUFG/O
                         net (fo=654, routed)         1.845     3.139    design_1_i/axi_smc/inst/clk_map/psr_aclk/U0/aclk
    SLICE_X38Y101        FDRE                                         r  design_1_i/axi_smc/inst/clk_map/psr_aclk/U0/ACTIVE_LOW_BSR_OUT_DFF[0].FDRE_BSR_N/C
  -------------------------------------------------------------------    -------------------
    SLICE_X38Y101        FDRE (Prop_fdre_C_Q)         0.518     3.657 r  design_1_i/axi_smc/inst/clk_map/psr_aclk/U0/ACTIVE_LOW_BSR_OUT_DFF[0].FDRE_BSR_N/Q
                         net (fo=9, routed)           1.153     4.810    design_1_i/axi_smc/inst/s00_entry_pipeline/s00_transaction_regulator/inst/xpm_cdc_async_rst_inst/src_arst
    SLICE_X36Y98         LUT1 (Prop_lut1_I0_O)        0.150     4.960 f  design_1_i/axi_smc/inst/s00_entry_pipeline/s00_transaction_regulator/inst/xpm_cdc_async_rst_inst/arststages_ff[2]_i_1/O
                         net (fo=3, routed)           0.659     5.620    design_1_i/axi_smc/inst/s00_entry_pipeline/s00_transaction_regulator/inst/xpm_cdc_async_rst_inst/reset_pol
    SLICE_X35Y98         FDCE                                         f  design_1_i/axi_smc/inst/s00_entry_pipeline/s00_transaction_regulator/inst/xpm_cdc_async_rst_inst/arststages_ff_reg[1]/CLR
  -------------------------------------------------------------------    -------------------

                         (clock clk_fpga_0 rise edge)
                                                      0.000     0.000 r  
    PS7_X0Y0             PS7                          0.000     0.000 r  design_1_i/processing_system7_0/inst/PS7_i/FCLKCLK[0]
                         net (fo=1, routed)           1.088     1.088    design_1_i/processing_system7_0/inst/FCLK_CLK_unbuffered[0]
    BUFGCTRL_X0Y16       BUFG (Prop_bufg_I_O)         0.091     1.179 r  design_1_i/processing_system7_0/inst/buffer_fclk_clk_0.FCLK_CLK_0_BUFG/O
                         net (fo=654, routed)         1.481     2.660    design_1_i/axi_smc/inst/s00_entry_pipeline/s00_transaction_regulator/inst/xpm_cdc_async_rst_inst/dest_clk
    SLICE_X35Y98         FDCE                                         r  design_1_i/axi_smc/inst/s00_entry_pipeline/s00_transaction_regulator/inst/xpm_cdc_async_rst_inst/arststages_ff_reg[1]/C

Slack:                    inf
  Source:                 design_1_i/axi_smc/inst/clk_map/psr_aclk/U0/ACTIVE_LOW_BSR_OUT_DFF[0].FDRE_BSR_N/C
                            (rising edge-triggered cell FDRE clocked by clk_fpga_0  {rise@0.000ns fall@5.000ns period=10.000ns})
  Destination:            design_1_i/axi_smc/inst/s00_entry_pipeline/s00_transaction_regulator/inst/xpm_cdc_async_rst_inst/arststages_ff_reg[2]/CLR
                            (recovery check against rising-edge clock clk_fpga_0  {rise@0.000ns fall@5.000ns period=10.000ns})
  Path Group:             (none)
  Path Type:              Recovery (Max at Slow Process Corner)
  Data Path Delay:        2.481ns  (logic 0.668ns (26.929%)  route 1.813ns (73.071%))
  Logic Levels:           1  (LUT1=1)
  Clock Path Skew:        -0.479ns (DCD - SCD + CPR)
    Destination Clock Delay (DCD):    2.660ns
    Source Clock Delay      (SCD):    3.139ns
    Clock Pessimism Removal (CPR):    0.000ns
  Clock Uncertainty:      0.154ns  ((TSJ^2 + TIJ^2)^1/2 + DJ) / 2 + PE
    Total System Jitter     (TSJ):    0.071ns
    Total Input Jitter      (TIJ):    0.300ns
    Discrete Jitter          (DJ):    0.000ns
    Phase Error              (PE):    0.000ns
  Timing Exception:       False Path

    Location             Delay type                Incr(ns)  Path(ns)    Netlist Resource(s)
  -------------------------------------------------------------------    -------------------
                         (clock clk_fpga_0 rise edge)
                                                      0.000     0.000 r  
    PS7_X0Y0             PS7                          0.000     0.000 r  design_1_i/processing_system7_0/inst/PS7_i/FCLKCLK[0]
                         net (fo=1, routed)           1.193     1.193    design_1_i/processing_system7_0/inst/FCLK_CLK_unbuffered[0]
    BUFGCTRL_X0Y16       BUFG (Prop_bufg_I_O)         0.101     1.294 r  design_1_i/processing_system7_0/inst/buffer_fclk_clk_0.FCLK_CLK_0_BUFG/O
                         net (fo=654, routed)         1.845     3.139    design_1_i/axi_smc/inst/clk_map/psr_aclk/U0/aclk
    SLICE_X38Y101        FDRE                                         r  design_1_i/axi_smc/inst/clk_map/psr_aclk/U0/ACTIVE_LOW_BSR_OUT_DFF[0].FDRE_BSR_N/C
  -------------------------------------------------------------------    -------------------
    SLICE_X38Y101        FDRE (Prop_fdre_C_Q)         0.518     3.657 r  design_1_i/axi_smc/inst/clk_map/psr_aclk/U0/ACTIVE_LOW_BSR_OUT_DFF[0].FDRE_BSR_N/Q
                         net (fo=9, routed)           1.153     4.810    design_1_i/axi_smc/inst/s00_entry_pipeline/s00_transaction_regulator/inst/xpm_cdc_async_rst_inst/src_arst
    SLICE_X36Y98         LUT1 (Prop_lut1_I0_O)        0.150     4.960 f  design_1_i/axi_smc/inst/s00_entry_pipeline/s00_transaction_regulator/inst/xpm_cdc_async_rst_inst/arststages_ff[2]_i_1/O
                         net (fo=3, routed)           0.659     5.620    design_1_i/axi_smc/inst/s00_entry_pipeline/s00_transaction_regulator/inst/xpm_cdc_async_rst_inst/reset_pol
    SLICE_X35Y98         FDCE                                         f  design_1_i/axi_smc/inst/s00_entry_pipeline/s00_transaction_regulator/inst/xpm_cdc_async_rst_inst/arststages_ff_reg[2]/CLR
  -------------------------------------------------------------------    -------------------

                         (clock clk_fpga_0 rise edge)
                                                      0.000     0.000 r  
    PS7_X0Y0             PS7                          0.000     0.000 r  design_1_i/processing_system7_0/inst/PS7_i/FCLKCLK[0]
                         net (fo=1, routed)           1.088     1.088    design_1_i/processing_system7_0/inst/FCLK_CLK_unbuffered[0]
    BUFGCTRL_X0Y16       BUFG (Prop_bufg_I_O)         0.091     1.179 r  design_1_i/processing_system7_0/inst/buffer_fclk_clk_0.FCLK_CLK_0_BUFG/O
                         net (fo=654, routed)         1.481     2.660    design_1_i/axi_smc/inst/s00_entry_pipeline/s00_transaction_regulator/inst/xpm_cdc_async_rst_inst/dest_clk
    SLICE_X35Y98         FDCE                                         r  design_1_i/axi_smc/inst/s00_entry_pipeline/s00_transaction_regulator/inst/xpm_cdc_async_rst_inst/arststages_ff_reg[2]/C

Slack:                    inf
  Source:                 design_1_i/axi_smc/inst/clk_map/psr_aclk/U0/ACTIVE_LOW_BSR_OUT_DFF[0].FDRE_BSR_N/C
                            (rising edge-triggered cell FDRE clocked by clk_fpga_0  {rise@0.000ns fall@5.000ns period=10.000ns})
  Destination:            design_1_i/axi_smc/inst/s00_nodes/s00_w_node/inst/s_sc_xpm_cdc_async_rst_inst/arststages_ff_reg[0]/CLR
                            (recovery check against rising-edge clock clk_fpga_0  {rise@0.000ns fall@5.000ns period=10.000ns})
  Path Group:             (none)
  Path Type:              Recovery (Max at Slow Process Corner)
  Data Path Delay:        2.279ns  (logic 0.642ns (28.166%)  route 1.637ns (71.834%))
  Logic Levels:           1  (LUT1=1)
  Clock Path Skew:        -0.480ns (DCD - SCD + CPR)
    Destination Clock Delay (DCD):    2.659ns
    Source Clock Delay      (SCD):    3.139ns
    Clock Pessimism Removal (CPR):    0.000ns
  Clock Uncertainty:      0.154ns  ((TSJ^2 + TIJ^2)^1/2 + DJ) / 2 + PE
    Total System Jitter     (TSJ):    0.071ns
    Total Input Jitter      (TIJ):    0.300ns
    Discrete Jitter          (DJ):    0.000ns
    Phase Error              (PE):    0.000ns
  Timing Exception:       False Path

    Location             Delay type                Incr(ns)  Path(ns)    Netlist Resource(s)
  -------------------------------------------------------------------    -------------------
                         (clock clk_fpga_0 rise edge)
                                                      0.000     0.000 r  
    PS7_X0Y0             PS7                          0.000     0.000 r  design_1_i/processing_system7_0/inst/PS7_i/FCLKCLK[0]
                         net (fo=1, routed)           1.193     1.193    design_1_i/processing_system7_0/inst/FCLK_CLK_unbuffered[0]
    BUFGCTRL_X0Y16       BUFG (Prop_bufg_I_O)         0.101     1.294 r  design_1_i/processing_system7_0/inst/buffer_fclk_clk_0.FCLK_CLK_0_BUFG/O
                         net (fo=654, routed)         1.845     3.139    design_1_i/axi_smc/inst/clk_map/psr_aclk/U0/aclk
    SLICE_X38Y101        FDRE                                         r  design_1_i/axi_smc/inst/clk_map/psr_aclk/U0/ACTIVE_LOW_BSR_OUT_DFF[0].FDRE_BSR_N/C
  -------------------------------------------------------------------    -------------------
    SLICE_X38Y101        FDRE (Prop_fdre_C_Q)         0.518     3.657 r  design_1_i/axi_smc/inst/clk_map/psr_aclk/U0/ACTIVE_LOW_BSR_OUT_DFF[0].FDRE_BSR_N/Q
                         net (fo=9, routed)           0.989     4.646    design_1_i/axi_smc/inst/s00_nodes/s00_w_node/inst/s_sc_xpm_cdc_async_rst_inst/src_arst
    SLICE_X40Y98         LUT1 (Prop_lut1_I0_O)        0.124     4.770 f  design_1_i/axi_smc/inst/s00_nodes/s00_w_node/inst/s_sc_xpm_cdc_async_rst_inst/arststages_ff[2]_i_1/O
                         net (fo=3, routed)           0.648     5.418    design_1_i/axi_smc/inst/s00_nodes/s00_w_node/inst/s_sc_xpm_cdc_async_rst_inst/reset_pol
    SLICE_X40Y98         FDCE                                         f  design_1_i/axi_smc/inst/s00_nodes/s00_w_node/inst/s_sc_xpm_cdc_async_rst_inst/arststages_ff_reg[0]/CLR
  -------------------------------------------------------------------    -------------------

                         (clock clk_fpga_0 rise edge)
                                                      0.000     0.000 r  
    PS7_X0Y0             PS7                          0.000     0.000 r  design_1_i/processing_system7_0/inst/PS7_i/FCLKCLK[0]
                         net (fo=1, routed)           1.088     1.088    design_1_i/processing_system7_0/inst/FCLK_CLK_unbuffered[0]
    BUFGCTRL_X0Y16       BUFG (Prop_bufg_I_O)         0.091     1.179 r  design_1_i/processing_system7_0/inst/buffer_fclk_clk_0.FCLK_CLK_0_BUFG/O
                         net (fo=654, routed)         1.480     2.659    design_1_i/axi_smc/inst/s00_nodes/s00_w_node/inst/s_sc_xpm_cdc_async_rst_inst/dest_clk
    SLICE_X40Y98         FDCE                                         r  design_1_i/axi_smc/inst/s00_nodes/s00_w_node/inst/s_sc_xpm_cdc_async_rst_inst/arststages_ff_reg[0]/C

Slack:                    inf
  Source:                 design_1_i/axi_smc/inst/clk_map/psr_aclk/U0/ACTIVE_LOW_BSR_OUT_DFF[0].FDRE_BSR_N/C
                            (rising edge-triggered cell FDRE clocked by clk_fpga_0  {rise@0.000ns fall@5.000ns period=10.000ns})
  Destination:            design_1_i/axi_smc/inst/s00_nodes/s00_w_node/inst/s_sc_xpm_cdc_async_rst_inst/arststages_ff_reg[1]/CLR
                            (recovery check against rising-edge clock clk_fpga_0  {rise@0.000ns fall@5.000ns period=10.000ns})
  Path Group:             (none)
  Path Type:              Recovery (Max at Slow Process Corner)
  Data Path Delay:        2.279ns  (logic 0.642ns (28.166%)  route 1.637ns (71.834%))
  Logic Levels:           1  (LUT1=1)
  Clock Path Skew:        -0.480ns (DCD - SCD + CPR)
    Destination Clock Delay (DCD):    2.659ns
    Source Clock Delay      (SCD):    3.139ns
    Clock Pessimism Removal (CPR):    0.000ns
  Clock Uncertainty:      0.154ns  ((TSJ^2 + TIJ^2)^1/2 + DJ) / 2 + PE
    Total System Jitter     (TSJ):    0.071ns
    Total Input Jitter      (TIJ):    0.300ns
    Discrete Jitter          (DJ):    0.000ns
    Phase Error              (PE):    0.000ns
  Timing Exception:       False Path

    Location             Delay type                Incr(ns)  Path(ns)    Netlist Resource(s)
  -------------------------------------------------------------------    -------------------
                         (clock clk_fpga_0 rise edge)
                                                      0.000     0.000 r  
    PS7_X0Y0             PS7                          0.000     0.000 r  design_1_i/processing_system7_0/inst/PS7_i/FCLKCLK[0]
                         net (fo=1, routed)           1.193     1.193    design_1_i/processing_system7_0/inst/FCLK_CLK_unbuffered[0]
    BUFGCTRL_X0Y16       BUFG (Prop_bufg_I_O)         0.101     1.294 r  design_1_i/processing_system7_0/inst/buffer_fclk_clk_0.FCLK_CLK_0_BUFG/O
                         net (fo=654, routed)         1.845     3.139    design_1_i/axi_smc/inst/clk_map/psr_aclk/U0/aclk
    SLICE_X38Y101        FDRE                                         r  design_1_i/axi_smc/inst/clk_map/psr_aclk/U0/ACTIVE_LOW_BSR_OUT_DFF[0].FDRE_BSR_N/C
  -------------------------------------------------------------------    -------------------
    SLICE_X38Y101        FDRE (Prop_fdre_C_Q)         0.518     3.657 r  design_1_i/axi_smc/inst/clk_map/psr_aclk/U0/ACTIVE_LOW_BSR_OUT_DFF[0].FDRE_BSR_N/Q
                         net (fo=9, routed)           0.989     4.646    design_1_i/axi_smc/inst/s00_nodes/s00_w_node/inst/s_sc_xpm_cdc_async_rst_inst/src_arst
    SLICE_X40Y98         LUT1 (Prop_lut1_I0_O)        0.124     4.770 f  design_1_i/axi_smc/inst/s00_nodes/s00_w_node/inst/s_sc_xpm_cdc_async_rst_inst/arststages_ff[2]_i_1/O
                         net (fo=3, routed)           0.648     5.418    design_1_i/axi_smc/inst/s00_nodes/s00_w_node/inst/s_sc_xpm_cdc_async_rst_inst/reset_pol
    SLICE_X40Y98         FDCE                                         f  design_1_i/axi_smc/inst/s00_nodes/s00_w_node/inst/s_sc_xpm_cdc_async_rst_inst/arststages_ff_reg[1]/CLR
  -------------------------------------------------------------------    -------------------

                         (clock clk_fpga_0 rise edge)
                                                      0.000     0.000 r  
    PS7_X0Y0             PS7                          0.000     0.000 r  design_1_i/processing_system7_0/inst/PS7_i/FCLKCLK[0]
                         net (fo=1, routed)           1.088     1.088    design_1_i/processing_system7_0/inst/FCLK_CLK_unbuffered[0]
    BUFGCTRL_X0Y16       BUFG (Prop_bufg_I_O)         0.091     1.179 r  design_1_i/processing_system7_0/inst/buffer_fclk_clk_0.FCLK_CLK_0_BUFG/O
                         net (fo=654, routed)         1.480     2.659    design_1_i/axi_smc/inst/s00_nodes/s00_w_node/inst/s_sc_xpm_cdc_async_rst_inst/dest_clk
    SLICE_X40Y98         FDCE                                         r  design_1_i/axi_smc/inst/s00_nodes/s00_w_node/inst/s_sc_xpm_cdc_async_rst_inst/arststages_ff_reg[1]/C

Slack:                    inf
  Source:                 design_1_i/axi_smc/inst/clk_map/psr_aclk/U0/ACTIVE_LOW_BSR_OUT_DFF[0].FDRE_BSR_N/C
                            (rising edge-triggered cell FDRE clocked by clk_fpga_0  {rise@0.000ns fall@5.000ns period=10.000ns})
  Destination:            design_1_i/axi_smc/inst/s00_nodes/s00_w_node/inst/s_sc_xpm_cdc_async_rst_inst/arststages_ff_reg[2]/CLR
                            (recovery check against rising-edge clock clk_fpga_0  {rise@0.000ns fall@5.000ns period=10.000ns})
  Path Group:             (none)
  Path Type:              Recovery (Max at Slow Process Corner)
  Data Path Delay:        2.279ns  (logic 0.642ns (28.166%)  route 1.637ns (71.834%))
  Logic Levels:           1  (LUT1=1)
  Clock Path Skew:        -0.480ns (DCD - SCD + CPR)
    Destination Clock Delay (DCD):    2.659ns
    Source Clock Delay      (SCD):    3.139ns
    Clock Pessimism Removal (CPR):    0.000ns
  Clock Uncertainty:      0.154ns  ((TSJ^2 + TIJ^2)^1/2 + DJ) / 2 + PE
    Total System Jitter     (TSJ):    0.071ns
    Total Input Jitter      (TIJ):    0.300ns
    Discrete Jitter          (DJ):    0.000ns
    Phase Error              (PE):    0.000ns
  Timing Exception:       False Path

    Location             Delay type                Incr(ns)  Path(ns)    Netlist Resource(s)
  -------------------------------------------------------------------    -------------------
                         (clock clk_fpga_0 rise edge)
                                                      0.000     0.000 r  
    PS7_X0Y0             PS7                          0.000     0.000 r  design_1_i/processing_system7_0/inst/PS7_i/FCLKCLK[0]
                         net (fo=1, routed)           1.193     1.193    design_1_i/processing_system7_0/inst/FCLK_CLK_unbuffered[0]
    BUFGCTRL_X0Y16       BUFG (Prop_bufg_I_O)         0.101     1.294 r  design_1_i/processing_system7_0/inst/buffer_fclk_clk_0.FCLK_CLK_0_BUFG/O
                         net (fo=654, routed)         1.845     3.139    design_1_i/axi_smc/inst/clk_map/psr_aclk/U0/aclk
    SLICE_X38Y101        FDRE                                         r  design_1_i/axi_smc/inst/clk_map/psr_aclk/U0/ACTIVE_LOW_BSR_OUT_DFF[0].FDRE_BSR_N/C
  -------------------------------------------------------------------    -------------------
    SLICE_X38Y101        FDRE (Prop_fdre_C_Q)         0.518     3.657 r  design_1_i/axi_smc/inst/clk_map/psr_aclk/U0/ACTIVE_LOW_BSR_OUT_DFF[0].FDRE_BSR_N/Q
                         net (fo=9, routed)           0.989     4.646    design_1_i/axi_smc/inst/s00_nodes/s00_w_node/inst/s_sc_xpm_cdc_async_rst_inst/src_arst
    SLICE_X40Y98         LUT1 (Prop_lut1_I0_O)        0.124     4.770 f  design_1_i/axi_smc/inst/s00_nodes/s00_w_node/inst/s_sc_xpm_cdc_async_rst_inst/arststages_ff[2]_i_1/O
                         net (fo=3, routed)           0.648     5.418    design_1_i/axi_smc/inst/s00_nodes/s00_w_node/inst/s_sc_xpm_cdc_async_rst_inst/reset_pol
    SLICE_X40Y98         FDCE                                         f  design_1_i/axi_smc/inst/s00_nodes/s00_w_node/inst/s_sc_xpm_cdc_async_rst_inst/arststages_ff_reg[2]/CLR
  -------------------------------------------------------------------    -------------------

                         (clock clk_fpga_0 rise edge)
                                                      0.000     0.000 r  
    PS7_X0Y0             PS7                          0.000     0.000 r  design_1_i/processing_system7_0/inst/PS7_i/FCLKCLK[0]
                         net (fo=1, routed)           1.088     1.088    design_1_i/processing_system7_0/inst/FCLK_CLK_unbuffered[0]
    BUFGCTRL_X0Y16       BUFG (Prop_bufg_I_O)         0.091     1.179 r  design_1_i/processing_system7_0/inst/buffer_fclk_clk_0.FCLK_CLK_0_BUFG/O
                         net (fo=654, routed)         1.480     2.659    design_1_i/axi_smc/inst/s00_nodes/s00_w_node/inst/s_sc_xpm_cdc_async_rst_inst/dest_clk
    SLICE_X40Y98         FDCE                                         r  design_1_i/axi_smc/inst/s00_nodes/s00_w_node/inst/s_sc_xpm_cdc_async_rst_inst/arststages_ff_reg[2]/C

Slack:                    inf
  Source:                 design_1_i/axi_smc/inst/clk_map/psr_aclk/U0/ACTIVE_LOW_BSR_OUT_DFF[0].FDRE_BSR_N/C
                            (rising edge-triggered cell FDRE clocked by clk_fpga_0  {rise@0.000ns fall@5.000ns period=10.000ns})
  Destination:            design_1_i/axi_smc/inst/s00_entry_pipeline/s00_mmu/inst/xpm_cdc_async_rst_inst/arststages_ff_reg[0]/CLR
                            (recovery check against rising-edge clock clk_fpga_0  {rise@0.000ns fall@5.000ns period=10.000ns})
  Path Group:             (none)
  Path Type:              Recovery (Max at Slow Process Corner)
  Data Path Delay:        2.123ns  (logic 0.642ns (30.240%)  route 1.481ns (69.760%))
  Logic Levels:           1  (LUT1=1)
  Clock Path Skew:        -0.305ns (DCD - SCD + CPR)
    Destination Clock Delay (DCD):    2.834ns
    Source Clock Delay      (SCD):    3.139ns
    Clock Pessimism Removal (CPR):    0.000ns
  Clock Uncertainty:      0.154ns  ((TSJ^2 + TIJ^2)^1/2 + DJ) / 2 + PE
    Total System Jitter     (TSJ):    0.071ns
    Total Input Jitter      (TIJ):    0.300ns
    Discrete Jitter          (DJ):    0.000ns
    Phase Error              (PE):    0.000ns
  Timing Exception:       False Path

    Location             Delay type                Incr(ns)  Path(ns)    Netlist Resource(s)
  -------------------------------------------------------------------    -------------------
                         (clock clk_fpga_0 rise edge)
                                                      0.000     0.000 r  
    PS7_X0Y0             PS7                          0.000     0.000 r  design_1_i/processing_system7_0/inst/PS7_i/FCLKCLK[0]
                         net (fo=1, routed)           1.193     1.193    design_1_i/processing_system7_0/inst/FCLK_CLK_unbuffered[0]
    BUFGCTRL_X0Y16       BUFG (Prop_bufg_I_O)         0.101     1.294 r  design_1_i/processing_system7_0/inst/buffer_fclk_clk_0.FCLK_CLK_0_BUFG/O
                         net (fo=654, routed)         1.845     3.139    design_1_i/axi_smc/inst/clk_map/psr_aclk/U0/aclk
    SLICE_X38Y101        FDRE                                         r  design_1_i/axi_smc/inst/clk_map/psr_aclk/U0/ACTIVE_LOW_BSR_OUT_DFF[0].FDRE_BSR_N/C
  -------------------------------------------------------------------    -------------------
    SLICE_X38Y101        FDRE (Prop_fdre_C_Q)         0.518     3.657 r  design_1_i/axi_smc/inst/clk_map/psr_aclk/U0/ACTIVE_LOW_BSR_OUT_DFF[0].FDRE_BSR_N/Q
                         net (fo=9, routed)           0.824     4.481    design_1_i/axi_smc/inst/s00_entry_pipeline/s00_mmu/inst/xpm_cdc_async_rst_inst/src_arst
    SLICE_X37Y101        LUT1 (Prop_lut1_I0_O)        0.124     4.605 f  design_1_i/axi_smc/inst/s00_entry_pipeline/s00_mmu/inst/xpm_cdc_async_rst_inst/arststages_ff[2]_i_1/O
                         net (fo=3, routed)           0.657     5.262    design_1_i/axi_smc/inst/s00_entry_pipeline/s00_mmu/inst/xpm_cdc_async_rst_inst/reset_pol
    SLICE_X35Y101        FDCE                                         f  design_1_i/axi_smc/inst/s00_entry_pipeline/s00_mmu/inst/xpm_cdc_async_rst_inst/arststages_ff_reg[0]/CLR
  -------------------------------------------------------------------    -------------------

                         (clock clk_fpga_0 rise edge)
                                                      0.000     0.000 r  
    PS7_X0Y0             PS7                          0.000     0.000 r  design_1_i/processing_system7_0/inst/PS7_i/FCLKCLK[0]
                         net (fo=1, routed)           1.088     1.088    design_1_i/processing_system7_0/inst/FCLK_CLK_unbuffered[0]
    BUFGCTRL_X0Y16       BUFG (Prop_bufg_I_O)         0.091     1.179 r  design_1_i/processing_system7_0/inst/buffer_fclk_clk_0.FCLK_CLK_0_BUFG/O
                         net (fo=654, routed)         1.655     2.834    design_1_i/axi_smc/inst/s00_entry_pipeline/s00_mmu/inst/xpm_cdc_async_rst_inst/dest_clk
    SLICE_X35Y101        FDCE                                         r  design_1_i/axi_smc/inst/s00_entry_pipeline/s00_mmu/inst/xpm_cdc_async_rst_inst/arststages_ff_reg[0]/C





Min Delay Paths
--------------------------------------------------------------------------------------
Slack:                    inf
  Source:                 design_1_i/axi_smc/inst/clk_map/psr_aclk/U0/ACTIVE_LOW_BSR_OUT_DFF[0].FDRE_BSR_N/C
                            (rising edge-triggered cell FDRE clocked by clk_fpga_0  {rise@0.000ns fall@5.000ns period=10.000ns})
  Destination:            design_1_i/axi_smc/inst/s00_nodes/s00_b_node/inst/s_sc_xpm_cdc_async_rst_inst/arststages_ff_reg[0]/CLR
                            (removal check against rising-edge clock clk_fpga_0  {rise@0.000ns fall@5.000ns period=10.000ns})
  Path Group:             (none)
  Path Type:              Removal (Min at Fast Process Corner)
  Data Path Delay:        0.564ns  (logic 0.209ns (37.080%)  route 0.355ns (62.920%))
  Logic Levels:           1  (LUT1=1)
  Clock Path Skew:        0.302ns (DCD - SCD - CPR)
    Destination Clock Delay (DCD):    1.277ns
    Source Clock Delay      (SCD):    0.975ns
    Clock Pessimism Removal (CPR):    -0.000ns
  Clock Uncertainty:      0.154ns  ((TSJ^2 + TIJ^2)^1/2 + DJ) / 2 + PE
    Total System Jitter     (TSJ):    0.071ns
    Total Input Jitter      (TIJ):    0.300ns
    Discrete Jitter          (DJ):    0.000ns
    Phase Error              (PE):    0.000ns
  Timing Exception:       False Path

    Location             Delay type                Incr(ns)  Path(ns)    Netlist Resource(s)
  -------------------------------------------------------------------    -------------------
                         (clock clk_fpga_0 rise edge)
                                                      0.000     0.000 r  
    PS7_X0Y0             PS7                          0.000     0.000 r  design_1_i/processing_system7_0/inst/PS7_i/FCLKCLK[0]
                         net (fo=1, routed)           0.310     0.310    design_1_i/processing_system7_0/inst/FCLK_CLK_unbuffered[0]
    BUFGCTRL_X0Y16       BUFG (Prop_bufg_I_O)         0.026     0.336 r  design_1_i/processing_system7_0/inst/buffer_fclk_clk_0.FCLK_CLK_0_BUFG/O
                         net (fo=654, routed)         0.639     0.975    design_1_i/axi_smc/inst/clk_map/psr_aclk/U0/aclk
    SLICE_X38Y101        FDRE                                         r  design_1_i/axi_smc/inst/clk_map/psr_aclk/U0/ACTIVE_LOW_BSR_OUT_DFF[0].FDRE_BSR_N/C
  -------------------------------------------------------------------    -------------------
    SLICE_X38Y101        FDRE (Prop_fdre_C_Q)         0.164     1.139 r  design_1_i/axi_smc/inst/clk_map/psr_aclk/U0/ACTIVE_LOW_BSR_OUT_DFF[0].FDRE_BSR_N/Q
                         net (fo=9, routed)           0.235     1.374    design_1_i/axi_smc/inst/s00_nodes/s00_b_node/inst/s_sc_xpm_cdc_async_rst_inst/src_arst
    SLICE_X37Y100        LUT1 (Prop_lut1_I0_O)        0.045     1.419 f  design_1_i/axi_smc/inst/s00_nodes/s00_b_node/inst/s_sc_xpm_cdc_async_rst_inst/arststages_ff[2]_i_1/O
                         net (fo=3, routed)           0.119     1.539    design_1_i/axi_smc/inst/s00_nodes/s00_b_node/inst/s_sc_xpm_cdc_async_rst_inst/reset_pol
    SLICE_X37Y100        FDCE                                         f  design_1_i/axi_smc/inst/s00_nodes/s00_b_node/inst/s_sc_xpm_cdc_async_rst_inst/arststages_ff_reg[0]/CLR
  -------------------------------------------------------------------    -------------------

                         (clock clk_fpga_0 rise edge)
                                                      0.000     0.000 r  
    PS7_X0Y0             PS7                          0.000     0.000 r  design_1_i/processing_system7_0/inst/PS7_i/FCLKCLK[0]
                         net (fo=1, routed)           0.337     0.337    design_1_i/processing_system7_0/inst/FCLK_CLK_unbuffered[0]
    BUFGCTRL_X0Y16       BUFG (Prop_bufg_I_O)         0.029     0.366 r  design_1_i/processing_system7_0/inst/buffer_fclk_clk_0.FCLK_CLK_0_BUFG/O
                         net (fo=654, routed)         0.911     1.277    design_1_i/axi_smc/inst/s00_nodes/s00_b_node/inst/s_sc_xpm_cdc_async_rst_inst/dest_clk
    SLICE_X37Y100        FDCE                                         r  design_1_i/axi_smc/inst/s00_nodes/s00_b_node/inst/s_sc_xpm_cdc_async_rst_inst/arststages_ff_reg[0]/C

Slack:                    inf
  Source:                 design_1_i/axi_smc/inst/clk_map/psr_aclk/U0/ACTIVE_LOW_BSR_OUT_DFF[0].FDRE_BSR_N/C
                            (rising edge-triggered cell FDRE clocked by clk_fpga_0  {rise@0.000ns fall@5.000ns period=10.000ns})
  Destination:            design_1_i/axi_smc/inst/s00_nodes/s00_b_node/inst/s_sc_xpm_cdc_async_rst_inst/arststages_ff_reg[1]/CLR
                            (removal check against rising-edge clock clk_fpga_0  {rise@0.000ns fall@5.000ns period=10.000ns})
  Path Group:             (none)
  Path Type:              Removal (Min at Fast Process Corner)
  Data Path Delay:        0.564ns  (logic 0.209ns (37.080%)  route 0.355ns (62.920%))
  Logic Levels:           1  (LUT1=1)
  Clock Path Skew:        0.302ns (DCD - SCD - CPR)
    Destination Clock Delay (DCD):    1.277ns
    Source Clock Delay      (SCD):    0.975ns
    Clock Pessimism Removal (CPR):    -0.000ns
  Clock Uncertainty:      0.154ns  ((TSJ^2 + TIJ^2)^1/2 + DJ) / 2 + PE
    Total System Jitter     (TSJ):    0.071ns
    Total Input Jitter      (TIJ):    0.300ns
    Discrete Jitter          (DJ):    0.000ns
    Phase Error              (PE):    0.000ns
  Timing Exception:       False Path

    Location             Delay type                Incr(ns)  Path(ns)    Netlist Resource(s)
  -------------------------------------------------------------------    -------------------
                         (clock clk_fpga_0 rise edge)
                                                      0.000     0.000 r  
    PS7_X0Y0             PS7                          0.000     0.000 r  design_1_i/processing_system7_0/inst/PS7_i/FCLKCLK[0]
                         net (fo=1, routed)           0.310     0.310    design_1_i/processing_system7_0/inst/FCLK_CLK_unbuffered[0]
    BUFGCTRL_X0Y16       BUFG (Prop_bufg_I_O)         0.026     0.336 r  design_1_i/processing_system7_0/inst/buffer_fclk_clk_0.FCLK_CLK_0_BUFG/O
                         net (fo=654, routed)         0.639     0.975    design_1_i/axi_smc/inst/clk_map/psr_aclk/U0/aclk
    SLICE_X38Y101        FDRE                                         r  design_1_i/axi_smc/inst/clk_map/psr_aclk/U0/ACTIVE_LOW_BSR_OUT_DFF[0].FDRE_BSR_N/C
  -------------------------------------------------------------------    -------------------
    SLICE_X38Y101        FDRE (Prop_fdre_C_Q)         0.164     1.139 r  design_1_i/axi_smc/inst/clk_map/psr_aclk/U0/ACTIVE_LOW_BSR_OUT_DFF[0].FDRE_BSR_N/Q
                         net (fo=9, routed)           0.235     1.374    design_1_i/axi_smc/inst/s00_nodes/s00_b_node/inst/s_sc_xpm_cdc_async_rst_inst/src_arst
    SLICE_X37Y100        LUT1 (Prop_lut1_I0_O)        0.045     1.419 f  design_1_i/axi_smc/inst/s00_nodes/s00_b_node/inst/s_sc_xpm_cdc_async_rst_inst/arststages_ff[2]_i_1/O
                         net (fo=3, routed)           0.119     1.539    design_1_i/axi_smc/inst/s00_nodes/s00_b_node/inst/s_sc_xpm_cdc_async_rst_inst/reset_pol
    SLICE_X37Y100        FDCE                                         f  design_1_i/axi_smc/inst/s00_nodes/s00_b_node/inst/s_sc_xpm_cdc_async_rst_inst/arststages_ff_reg[1]/CLR
  -------------------------------------------------------------------    -------------------

                         (clock clk_fpga_0 rise edge)
                                                      0.000     0.000 r  
    PS7_X0Y0             PS7                          0.000     0.000 r  design_1_i/processing_system7_0/inst/PS7_i/FCLKCLK[0]
                         net (fo=1, routed)           0.337     0.337    design_1_i/processing_system7_0/inst/FCLK_CLK_unbuffered[0]
    BUFGCTRL_X0Y16       BUFG (Prop_bufg_I_O)         0.029     0.366 r  design_1_i/processing_system7_0/inst/buffer_fclk_clk_0.FCLK_CLK_0_BUFG/O
                         net (fo=654, routed)         0.911     1.277    design_1_i/axi_smc/inst/s00_nodes/s00_b_node/inst/s_sc_xpm_cdc_async_rst_inst/dest_clk
    SLICE_X37Y100        FDCE                                         r  design_1_i/axi_smc/inst/s00_nodes/s00_b_node/inst/s_sc_xpm_cdc_async_rst_inst/arststages_ff_reg[1]/C

Slack:                    inf
  Source:                 design_1_i/axi_smc/inst/clk_map/psr_aclk/U0/ACTIVE_LOW_BSR_OUT_DFF[0].FDRE_BSR_N/C
                            (rising edge-triggered cell FDRE clocked by clk_fpga_0  {rise@0.000ns fall@5.000ns period=10.000ns})
  Destination:            design_1_i/axi_smc/inst/s00_nodes/s00_b_node/inst/s_sc_xpm_cdc_async_rst_inst/arststages_ff_reg[2]/CLR
                            (removal check against rising-edge clock clk_fpga_0  {rise@0.000ns fall@5.000ns period=10.000ns})
  Path Group:             (none)
  Path Type:              Removal (Min at Fast Process Corner)
  Data Path Delay:        0.564ns  (logic 0.209ns (37.080%)  route 0.355ns (62.920%))
  Logic Levels:           1  (LUT1=1)
  Clock Path Skew:        0.302ns (DCD - SCD - CPR)
    Destination Clock Delay (DCD):    1.277ns
    Source Clock Delay      (SCD):    0.975ns
    Clock Pessimism Removal (CPR):    -0.000ns
  Clock Uncertainty:      0.154ns  ((TSJ^2 + TIJ^2)^1/2 + DJ) / 2 + PE
    Total System Jitter     (TSJ):    0.071ns
    Total Input Jitter      (TIJ):    0.300ns
    Discrete Jitter          (DJ):    0.000ns
    Phase Error              (PE):    0.000ns
  Timing Exception:       False Path

    Location             Delay type                Incr(ns)  Path(ns)    Netlist Resource(s)
  -------------------------------------------------------------------    -------------------
                         (clock clk_fpga_0 rise edge)
                                                      0.000     0.000 r  
    PS7_X0Y0             PS7                          0.000     0.000 r  design_1_i/processing_system7_0/inst/PS7_i/FCLKCLK[0]
                         net (fo=1, routed)           0.310     0.310    design_1_i/processing_system7_0/inst/FCLK_CLK_unbuffered[0]
    BUFGCTRL_X0Y16       BUFG (Prop_bufg_I_O)         0.026     0.336 r  design_1_i/processing_system7_0/inst/buffer_fclk_clk_0.FCLK_CLK_0_BUFG/O
                         net (fo=654, routed)         0.639     0.975    design_1_i/axi_smc/inst/clk_map/psr_aclk/U0/aclk
    SLICE_X38Y101        FDRE                                         r  design_1_i/axi_smc/inst/clk_map/psr_aclk/U0/ACTIVE_LOW_BSR_OUT_DFF[0].FDRE_BSR_N/C
  -------------------------------------------------------------------    -------------------
    SLICE_X38Y101        FDRE (Prop_fdre_C_Q)         0.164     1.139 r  design_1_i/axi_smc/inst/clk_map/psr_aclk/U0/ACTIVE_LOW_BSR_OUT_DFF[0].FDRE_BSR_N/Q
                         net (fo=9, routed)           0.235     1.374    design_1_i/axi_smc/inst/s00_nodes/s00_b_node/inst/s_sc_xpm_cdc_async_rst_inst/src_arst
    SLICE_X37Y100        LUT1 (Prop_lut1_I0_O)        0.045     1.419 f  design_1_i/axi_smc/inst/s00_nodes/s00_b_node/inst/s_sc_xpm_cdc_async_rst_inst/arststages_ff[2]_i_1/O
                         net (fo=3, routed)           0.119     1.539    design_1_i/axi_smc/inst/s00_nodes/s00_b_node/inst/s_sc_xpm_cdc_async_rst_inst/reset_pol
    SLICE_X37Y100        FDCE                                         f  design_1_i/axi_smc/inst/s00_nodes/s00_b_node/inst/s_sc_xpm_cdc_async_rst_inst/arststages_ff_reg[2]/CLR
  -------------------------------------------------------------------    -------------------

                         (clock clk_fpga_0 rise edge)
                                                      0.000     0.000 r  
    PS7_X0Y0             PS7                          0.000     0.000 r  design_1_i/processing_system7_0/inst/PS7_i/FCLKCLK[0]
                         net (fo=1, routed)           0.337     0.337    design_1_i/processing_system7_0/inst/FCLK_CLK_unbuffered[0]
    BUFGCTRL_X0Y16       BUFG (Prop_bufg_I_O)         0.029     0.366 r  design_1_i/processing_system7_0/inst/buffer_fclk_clk_0.FCLK_CLK_0_BUFG/O
                         net (fo=654, routed)         0.911     1.277    design_1_i/axi_smc/inst/s00_nodes/s00_b_node/inst/s_sc_xpm_cdc_async_rst_inst/dest_clk
    SLICE_X37Y100        FDCE                                         r  design_1_i/axi_smc/inst/s00_nodes/s00_b_node/inst/s_sc_xpm_cdc_async_rst_inst/arststages_ff_reg[2]/C

Slack:                    inf
  Source:                 design_1_i/axi_smc/inst/clk_map/psr_aclk/U0/ACTIVE_LOW_BSR_OUT_DFF[0].FDRE_BSR_N/C
                            (rising edge-triggered cell FDRE clocked by clk_fpga_0  {rise@0.000ns fall@5.000ns period=10.000ns})
  Destination:            design_1_i/axi_smc/inst/s00_nodes/s00_r_node/inst/s_sc_xpm_cdc_async_rst_inst/arststages_ff_reg[0]/CLR
                            (removal check against rising-edge clock clk_fpga_0  {rise@0.000ns fall@5.000ns period=10.000ns})
  Path Group:             (none)
  Path Type:              Removal (Min at Fast Process Corner)
  Data Path Delay:        0.626ns  (logic 0.206ns (32.919%)  route 0.420ns (67.081%))
  Logic Levels:           1  (LUT1=1)
  Clock Path Skew:        0.216ns (DCD - SCD - CPR)
    Destination Clock Delay (DCD):    1.191ns
    Source Clock Delay      (SCD):    0.975ns
    Clock Pessimism Removal (CPR):    -0.000ns
  Clock Uncertainty:      0.154ns  ((TSJ^2 + TIJ^2)^1/2 + DJ) / 2 + PE
    Total System Jitter     (TSJ):    0.071ns
    Total Input Jitter      (TIJ):    0.300ns
    Discrete Jitter          (DJ):    0.000ns
    Phase Error              (PE):    0.000ns
  Timing Exception:       False Path

    Location             Delay type                Incr(ns)  Path(ns)    Netlist Resource(s)
  -------------------------------------------------------------------    -------------------
                         (clock clk_fpga_0 rise edge)
                                                      0.000     0.000 r  
    PS7_X0Y0             PS7                          0.000     0.000 r  design_1_i/processing_system7_0/inst/PS7_i/FCLKCLK[0]
                         net (fo=1, routed)           0.310     0.310    design_1_i/processing_system7_0/inst/FCLK_CLK_unbuffered[0]
    BUFGCTRL_X0Y16       BUFG (Prop_bufg_I_O)         0.026     0.336 r  design_1_i/processing_system7_0/inst/buffer_fclk_clk_0.FCLK_CLK_0_BUFG/O
                         net (fo=654, routed)         0.639     0.975    design_1_i/axi_smc/inst/clk_map/psr_aclk/U0/aclk
    SLICE_X38Y101        FDRE                                         r  design_1_i/axi_smc/inst/clk_map/psr_aclk/U0/ACTIVE_LOW_BSR_OUT_DFF[0].FDRE_BSR_N/C
  -------------------------------------------------------------------    -------------------
    SLICE_X38Y101        FDRE (Prop_fdre_C_Q)         0.164     1.139 r  design_1_i/axi_smc/inst/clk_map/psr_aclk/U0/ACTIVE_LOW_BSR_OUT_DFF[0].FDRE_BSR_N/Q
                         net (fo=9, routed)           0.235     1.374    design_1_i/axi_smc/inst/s00_nodes/s00_r_node/inst/s_sc_xpm_cdc_async_rst_inst/src_arst
    SLICE_X37Y100        LUT1 (Prop_lut1_I0_O)        0.042     1.416 f  design_1_i/axi_smc/inst/s00_nodes/s00_r_node/inst/s_sc_xpm_cdc_async_rst_inst/arststages_ff[2]_i_1/O
                         net (fo=3, routed)           0.184     1.601    design_1_i/axi_smc/inst/s00_nodes/s00_r_node/inst/s_sc_xpm_cdc_async_rst_inst/reset_pol
    SLICE_X37Y98         FDCE                                         f  design_1_i/axi_smc/inst/s00_nodes/s00_r_node/inst/s_sc_xpm_cdc_async_rst_inst/arststages_ff_reg[0]/CLR
  -------------------------------------------------------------------    -------------------

                         (clock clk_fpga_0 rise edge)
                                                      0.000     0.000 r  
    PS7_X0Y0             PS7                          0.000     0.000 r  design_1_i/processing_system7_0/inst/PS7_i/FCLKCLK[0]
                         net (fo=1, routed)           0.337     0.337    design_1_i/processing_system7_0/inst/FCLK_CLK_unbuffered[0]
    BUFGCTRL_X0Y16       BUFG (Prop_bufg_I_O)         0.029     0.366 r  design_1_i/processing_system7_0/inst/buffer_fclk_clk_0.FCLK_CLK_0_BUFG/O
                         net (fo=654, routed)         0.825     1.191    design_1_i/axi_smc/inst/s00_nodes/s00_r_node/inst/s_sc_xpm_cdc_async_rst_inst/dest_clk
    SLICE_X37Y98         FDCE                                         r  design_1_i/axi_smc/inst/s00_nodes/s00_r_node/inst/s_sc_xpm_cdc_async_rst_inst/arststages_ff_reg[0]/C

Slack:                    inf
  Source:                 design_1_i/axi_smc/inst/clk_map/psr_aclk/U0/ACTIVE_LOW_BSR_OUT_DFF[0].FDRE_BSR_N/C
                            (rising edge-triggered cell FDRE clocked by clk_fpga_0  {rise@0.000ns fall@5.000ns period=10.000ns})
  Destination:            design_1_i/axi_smc/inst/s00_nodes/s00_r_node/inst/s_sc_xpm_cdc_async_rst_inst/arststages_ff_reg[1]/CLR
                            (removal check against rising-edge clock clk_fpga_0  {rise@0.000ns fall@5.000ns period=10.000ns})
  Path Group:             (none)
  Path Type:              Removal (Min at Fast Process Corner)
  Data Path Delay:        0.626ns  (logic 0.206ns (32.919%)  route 0.420ns (67.081%))
  Logic Levels:           1  (LUT1=1)
  Clock Path Skew:        0.216ns (DCD - SCD - CPR)
    Destination Clock Delay (DCD):    1.191ns
    Source Clock Delay      (SCD):    0.975ns
    Clock Pessimism Removal (CPR):    -0.000ns
  Clock Uncertainty:      0.154ns  ((TSJ^2 + TIJ^2)^1/2 + DJ) / 2 + PE
    Total System Jitter     (TSJ):    0.071ns
    Total Input Jitter      (TIJ):    0.300ns
    Discrete Jitter          (DJ):    0.000ns
    Phase Error              (PE):    0.000ns
  Timing Exception:       False Path

    Location             Delay type                Incr(ns)  Path(ns)    Netlist Resource(s)
  -------------------------------------------------------------------    -------------------
                         (clock clk_fpga_0 rise edge)
                                                      0.000     0.000 r  
    PS7_X0Y0             PS7                          0.000     0.000 r  design_1_i/processing_system7_0/inst/PS7_i/FCLKCLK[0]
                         net (fo=1, routed)           0.310     0.310    design_1_i/processing_system7_0/inst/FCLK_CLK_unbuffered[0]
    BUFGCTRL_X0Y16       BUFG (Prop_bufg_I_O)         0.026     0.336 r  design_1_i/processing_system7_0/inst/buffer_fclk_clk_0.FCLK_CLK_0_BUFG/O
                         net (fo=654, routed)         0.639     0.975    design_1_i/axi_smc/inst/clk_map/psr_aclk/U0/aclk
    SLICE_X38Y101        FDRE                                         r  design_1_i/axi_smc/inst/clk_map/psr_aclk/U0/ACTIVE_LOW_BSR_OUT_DFF[0].FDRE_BSR_N/C
  -------------------------------------------------------------------    -------------------
    SLICE_X38Y101        FDRE (Prop_fdre_C_Q)         0.164     1.139 r  design_1_i/axi_smc/inst/clk_map/psr_aclk/U0/ACTIVE_LOW_BSR_OUT_DFF[0].FDRE_BSR_N/Q
                         net (fo=9, routed)           0.235     1.374    design_1_i/axi_smc/inst/s00_nodes/s00_r_node/inst/s_sc_xpm_cdc_async_rst_inst/src_arst
    SLICE_X37Y100        LUT1 (Prop_lut1_I0_O)        0.042     1.416 f  design_1_i/axi_smc/inst/s00_nodes/s00_r_node/inst/s_sc_xpm_cdc_async_rst_inst/arststages_ff[2]_i_1/O
                         net (fo=3, routed)           0.184     1.601    design_1_i/axi_smc/inst/s00_nodes/s00_r_node/inst/s_sc_xpm_cdc_async_rst_inst/reset_pol
    SLICE_X37Y98         FDCE                                         f  design_1_i/axi_smc/inst/s00_nodes/s00_r_node/inst/s_sc_xpm_cdc_async_rst_inst/arststages_ff_reg[1]/CLR
  -------------------------------------------------------------------    -------------------

                         (clock clk_fpga_0 rise edge)
                                                      0.000     0.000 r  
    PS7_X0Y0             PS7                          0.000     0.000 r  design_1_i/processing_system7_0/inst/PS7_i/FCLKCLK[0]
                         net (fo=1, routed)           0.337     0.337    design_1_i/processing_system7_0/inst/FCLK_CLK_unbuffered[0]
    BUFGCTRL_X0Y16       BUFG (Prop_bufg_I_O)         0.029     0.366 r  design_1_i/processing_system7_0/inst/buffer_fclk_clk_0.FCLK_CLK_0_BUFG/O
                         net (fo=654, routed)         0.825     1.191    design_1_i/axi_smc/inst/s00_nodes/s00_r_node/inst/s_sc_xpm_cdc_async_rst_inst/dest_clk
    SLICE_X37Y98         FDCE                                         r  design_1_i/axi_smc/inst/s00_nodes/s00_r_node/inst/s_sc_xpm_cdc_async_rst_inst/arststages_ff_reg[1]/C

Slack:                    inf
  Source:                 design_1_i/axi_smc/inst/clk_map/psr_aclk/U0/ACTIVE_LOW_BSR_OUT_DFF[0].FDRE_BSR_N/C
                            (rising edge-triggered cell FDRE clocked by clk_fpga_0  {rise@0.000ns fall@5.000ns period=10.000ns})
  Destination:            design_1_i/axi_smc/inst/s00_nodes/s00_r_node/inst/s_sc_xpm_cdc_async_rst_inst/arststages_ff_reg[2]/CLR
                            (removal check against rising-edge clock clk_fpga_0  {rise@0.000ns fall@5.000ns period=10.000ns})
  Path Group:             (none)
  Path Type:              Removal (Min at Fast Process Corner)
  Data Path Delay:        0.626ns  (logic 0.206ns (32.919%)  route 0.420ns (67.081%))
  Logic Levels:           1  (LUT1=1)
  Clock Path Skew:        0.216ns (DCD - SCD - CPR)
    Destination Clock Delay (DCD):    1.191ns
    Source Clock Delay      (SCD):    0.975ns
    Clock Pessimism Removal (CPR):    -0.000ns
  Clock Uncertainty:      0.154ns  ((TSJ^2 + TIJ^2)^1/2 + DJ) / 2 + PE
    Total System Jitter     (TSJ):    0.071ns
    Total Input Jitter      (TIJ):    0.300ns
    Discrete Jitter          (DJ):    0.000ns
    Phase Error              (PE):    0.000ns
  Timing Exception:       False Path

    Location             Delay type                Incr(ns)  Path(ns)    Netlist Resource(s)
  -------------------------------------------------------------------    -------------------
                         (clock clk_fpga_0 rise edge)
                                                      0.000     0.000 r  
    PS7_X0Y0             PS7                          0.000     0.000 r  design_1_i/processing_system7_0/inst/PS7_i/FCLKCLK[0]
                         net (fo=1, routed)           0.310     0.310    design_1_i/processing_system7_0/inst/FCLK_CLK_unbuffered[0]
    BUFGCTRL_X0Y16       BUFG (Prop_bufg_I_O)         0.026     0.336 r  design_1_i/processing_system7_0/inst/buffer_fclk_clk_0.FCLK_CLK_0_BUFG/O
                         net (fo=654, routed)         0.639     0.975    design_1_i/axi_smc/inst/clk_map/psr_aclk/U0/aclk
    SLICE_X38Y101        FDRE                                         r  design_1_i/axi_smc/inst/clk_map/psr_aclk/U0/ACTIVE_LOW_BSR_OUT_DFF[0].FDRE_BSR_N/C
  -------------------------------------------------------------------    -------------------
    SLICE_X38Y101        FDRE (Prop_fdre_C_Q)         0.164     1.139 r  design_1_i/axi_smc/inst/clk_map/psr_aclk/U0/ACTIVE_LOW_BSR_OUT_DFF[0].FDRE_BSR_N/Q
                         net (fo=9, routed)           0.235     1.374    design_1_i/axi_smc/inst/s00_nodes/s00_r_node/inst/s_sc_xpm_cdc_async_rst_inst/src_arst
    SLICE_X37Y100        LUT1 (Prop_lut1_I0_O)        0.042     1.416 f  design_1_i/axi_smc/inst/s00_nodes/s00_r_node/inst/s_sc_xpm_cdc_async_rst_inst/arststages_ff[2]_i_1/O
                         net (fo=3, routed)           0.184     1.601    design_1_i/axi_smc/inst/s00_nodes/s00_r_node/inst/s_sc_xpm_cdc_async_rst_inst/reset_pol
    SLICE_X37Y98         FDCE                                         f  design_1_i/axi_smc/inst/s00_nodes/s00_r_node/inst/s_sc_xpm_cdc_async_rst_inst/arststages_ff_reg[2]/CLR
  -------------------------------------------------------------------    -------------------

                         (clock clk_fpga_0 rise edge)
                                                      0.000     0.000 r  
    PS7_X0Y0             PS7                          0.000     0.000 r  design_1_i/processing_system7_0/inst/PS7_i/FCLKCLK[0]
                         net (fo=1, routed)           0.337     0.337    design_1_i/processing_system7_0/inst/FCLK_CLK_unbuffered[0]
    BUFGCTRL_X0Y16       BUFG (Prop_bufg_I_O)         0.029     0.366 r  design_1_i/processing_system7_0/inst/buffer_fclk_clk_0.FCLK_CLK_0_BUFG/O
                         net (fo=654, routed)         0.825     1.191    design_1_i/axi_smc/inst/s00_nodes/s00_r_node/inst/s_sc_xpm_cdc_async_rst_inst/dest_clk
    SLICE_X37Y98         FDCE                                         r  design_1_i/axi_smc/inst/s00_nodes/s00_r_node/inst/s_sc_xpm_cdc_async_rst_inst/arststages_ff_reg[2]/C

Slack:                    inf
  Source:                 design_1_i/rst_ps7_0_50M/U0/ACTIVE_LOW_PR_OUT_DFF[0].FDRE_PER_N/C
                            (rising edge-triggered cell FDRE clocked by clk_fpga_0  {rise@0.000ns fall@5.000ns period=10.000ns})
  Destination:            design_1_i/axi_smc/inst/clk_map/psr_aclk/U0/EXT_LPF/ACTIVE_LOW_AUX.ACT_LO_AUX/syncstages_ff_reg[0]/D
                            (rising edge-triggered cell FDRE clocked by clk_fpga_0  {rise@0.000ns fall@5.000ns period=10.000ns})
  Path Group:             (none)
  Path Type:              Hold (Min at Fast Process Corner)
  Data Path Delay:        0.755ns  (logic 0.190ns (25.164%)  route 0.565ns (74.836%))
  Logic Levels:           1  (LUT1=1)
  Clock Path Skew:        0.300ns (DCD - SCD - CPR)
    Destination Clock Delay (DCD):    1.191ns
    Source Clock Delay      (SCD):    0.891ns
    Clock Pessimism Removal (CPR):    -0.000ns
  Clock Uncertainty:      0.154ns  ((TSJ^2 + TIJ^2)^1/2 + DJ) / 2 + PE
    Total System Jitter     (TSJ):    0.071ns
    Total Input Jitter      (TIJ):    0.300ns
    Discrete Jitter          (DJ):    0.000ns
    Phase Error              (PE):    0.000ns
  Timing Exception:       False Path

    Location             Delay type                Incr(ns)  Path(ns)    Netlist Resource(s)
  -------------------------------------------------------------------    -------------------
                         (clock clk_fpga_0 rise edge)
                                                      0.000     0.000 r  
    PS7_X0Y0             PS7                          0.000     0.000 r  design_1_i/processing_system7_0/inst/PS7_i/FCLKCLK[0]
                         net (fo=1, routed)           0.310     0.310    design_1_i/processing_system7_0/inst/FCLK_CLK_unbuffered[0]
    BUFGCTRL_X0Y16       BUFG (Prop_bufg_I_O)         0.026     0.336 r  design_1_i/processing_system7_0/inst/buffer_fclk_clk_0.FCLK_CLK_0_BUFG/O
                         net (fo=654, routed)         0.555     0.891    design_1_i/rst_ps7_0_50M/U0/slowest_sync_clk
    SLICE_X35Y87         FDRE                                         r  design_1_i/rst_ps7_0_50M/U0/ACTIVE_LOW_PR_OUT_DFF[0].FDRE_PER_N/C
  -------------------------------------------------------------------    -------------------
    SLICE_X35Y87         FDRE (Prop_fdre_C_Q)         0.141     1.032 f  design_1_i/rst_ps7_0_50M/U0/ACTIVE_LOW_PR_OUT_DFF[0].FDRE_PER_N/Q
                         net (fo=4, routed)           0.307     1.338    design_1_i/axi_smc/inst/clk_map/psr_aclk/U0/EXT_LPF/aresetn
    SLICE_X37Y92         LUT1 (Prop_lut1_I0_O)        0.049     1.387 r  design_1_i/axi_smc/inst/clk_map/psr_aclk/U0/EXT_LPF/ACTIVE_LOW_AUX.ACT_LO_AUX_i_1/O
                         net (fo=1, routed)           0.258     1.646    design_1_i/axi_smc/inst/clk_map/psr_aclk/U0/EXT_LPF/ACTIVE_LOW_AUX.ACT_LO_AUX/src_in
    SLICE_X39Y98         FDRE                                         r  design_1_i/axi_smc/inst/clk_map/psr_aclk/U0/EXT_LPF/ACTIVE_LOW_AUX.ACT_LO_AUX/syncstages_ff_reg[0]/D
  -------------------------------------------------------------------    -------------------

                         (clock clk_fpga_0 rise edge)
                                                      0.000     0.000 r  
    PS7_X0Y0             PS7                          0.000     0.000 r  design_1_i/processing_system7_0/inst/PS7_i/FCLKCLK[0]
                         net (fo=1, routed)           0.337     0.337    design_1_i/processing_system7_0/inst/FCLK_CLK_unbuffered[0]
    BUFGCTRL_X0Y16       BUFG (Prop_bufg_I_O)         0.029     0.366 r  design_1_i/processing_system7_0/inst/buffer_fclk_clk_0.FCLK_CLK_0_BUFG/O
                         net (fo=654, routed)         0.825     1.191    design_1_i/axi_smc/inst/clk_map/psr_aclk/U0/EXT_LPF/ACTIVE_LOW_AUX.ACT_LO_AUX/dest_clk
    SLICE_X39Y98         FDRE                                         r  design_1_i/axi_smc/inst/clk_map/psr_aclk/U0/EXT_LPF/ACTIVE_LOW_AUX.ACT_LO_AUX/syncstages_ff_reg[0]/C

Slack:                    inf
  Source:                 design_1_i/axi_smc/inst/clk_map/psr_aclk/U0/ACTIVE_LOW_BSR_OUT_DFF[0].FDRE_BSR_N/C
                            (rising edge-triggered cell FDRE clocked by clk_fpga_0  {rise@0.000ns fall@5.000ns period=10.000ns})
  Destination:            design_1_i/axi_smc/inst/m00_exit_pipeline/m00_exit/inst/xpm_cdc_async_rst_inst/arststages_ff_reg[0]/CLR
                            (removal check against rising-edge clock clk_fpga_0  {rise@0.000ns fall@5.000ns period=10.000ns})
  Path Group:             (none)
  Path Type:              Removal (Min at Fast Process Corner)
  Data Path Delay:        0.676ns  (logic 0.208ns (30.758%)  route 0.468ns (69.242%))
  Logic Levels:           1  (LUT1=1)
  Clock Path Skew:        0.302ns (DCD - SCD - CPR)
    Destination Clock Delay (DCD):    1.277ns
    Source Clock Delay      (SCD):    0.975ns
    Clock Pessimism Removal (CPR):    -0.000ns
  Clock Uncertainty:      0.154ns  ((TSJ^2 + TIJ^2)^1/2 + DJ) / 2 + PE
    Total System Jitter     (TSJ):    0.071ns
    Total Input Jitter      (TIJ):    0.300ns
    Discrete Jitter          (DJ):    0.000ns
    Phase Error              (PE):    0.000ns
  Timing Exception:       False Path

    Location             Delay type                Incr(ns)  Path(ns)    Netlist Resource(s)
  -------------------------------------------------------------------    -------------------
                         (clock clk_fpga_0 rise edge)
                                                      0.000     0.000 r  
    PS7_X0Y0             PS7                          0.000     0.000 r  design_1_i/processing_system7_0/inst/PS7_i/FCLKCLK[0]
                         net (fo=1, routed)           0.310     0.310    design_1_i/processing_system7_0/inst/FCLK_CLK_unbuffered[0]
    BUFGCTRL_X0Y16       BUFG (Prop_bufg_I_O)         0.026     0.336 r  design_1_i/processing_system7_0/inst/buffer_fclk_clk_0.FCLK_CLK_0_BUFG/O
                         net (fo=654, routed)         0.639     0.975    design_1_i/axi_smc/inst/clk_map/psr_aclk/U0/aclk
    SLICE_X38Y101        FDRE                                         r  design_1_i/axi_smc/inst/clk_map/psr_aclk/U0/ACTIVE_LOW_BSR_OUT_DFF[0].FDRE_BSR_N/C
  -------------------------------------------------------------------    -------------------
    SLICE_X38Y101        FDRE (Prop_fdre_C_Q)         0.164     1.139 r  design_1_i/axi_smc/inst/clk_map/psr_aclk/U0/ACTIVE_LOW_BSR_OUT_DFF[0].FDRE_BSR_N/Q
                         net (fo=9, routed)           0.291     1.430    design_1_i/axi_smc/inst/m00_exit_pipeline/m00_exit/inst/xpm_cdc_async_rst_inst/src_arst
    SLICE_X37Y101        LUT1 (Prop_lut1_I0_O)        0.044     1.474 f  design_1_i/axi_smc/inst/m00_exit_pipeline/m00_exit/inst/xpm_cdc_async_rst_inst/arststages_ff[2]_i_1/O
                         net (fo=3, routed)           0.177     1.651    design_1_i/axi_smc/inst/m00_exit_pipeline/m00_exit/inst/xpm_cdc_async_rst_inst/reset_pol
    SLICE_X37Y101        FDCE                                         f  design_1_i/axi_smc/inst/m00_exit_pipeline/m00_exit/inst/xpm_cdc_async_rst_inst/arststages_ff_reg[0]/CLR
  -------------------------------------------------------------------    -------------------

                         (clock clk_fpga_0 rise edge)
                                                      0.000     0.000 r  
    PS7_X0Y0             PS7                          0.000     0.000 r  design_1_i/processing_system7_0/inst/PS7_i/FCLKCLK[0]
                         net (fo=1, routed)           0.337     0.337    design_1_i/processing_system7_0/inst/FCLK_CLK_unbuffered[0]
    BUFGCTRL_X0Y16       BUFG (Prop_bufg_I_O)         0.029     0.366 r  design_1_i/processing_system7_0/inst/buffer_fclk_clk_0.FCLK_CLK_0_BUFG/O
                         net (fo=654, routed)         0.911     1.277    design_1_i/axi_smc/inst/m00_exit_pipeline/m00_exit/inst/xpm_cdc_async_rst_inst/dest_clk
    SLICE_X37Y101        FDCE                                         r  design_1_i/axi_smc/inst/m00_exit_pipeline/m00_exit/inst/xpm_cdc_async_rst_inst/arststages_ff_reg[0]/C

Slack:                    inf
  Source:                 design_1_i/axi_smc/inst/clk_map/psr_aclk/U0/ACTIVE_LOW_BSR_OUT_DFF[0].FDRE_BSR_N/C
                            (rising edge-triggered cell FDRE clocked by clk_fpga_0  {rise@0.000ns fall@5.000ns period=10.000ns})
  Destination:            design_1_i/axi_smc/inst/m00_exit_pipeline/m00_exit/inst/xpm_cdc_async_rst_inst/arststages_ff_reg[1]/CLR
                            (removal check against rising-edge clock clk_fpga_0  {rise@0.000ns fall@5.000ns period=10.000ns})
  Path Group:             (none)
  Path Type:              Removal (Min at Fast Process Corner)
  Data Path Delay:        0.676ns  (logic 0.208ns (30.758%)  route 0.468ns (69.242%))
  Logic Levels:           1  (LUT1=1)
  Clock Path Skew:        0.302ns (DCD - SCD - CPR)
    Destination Clock Delay (DCD):    1.277ns
    Source Clock Delay      (SCD):    0.975ns
    Clock Pessimism Removal (CPR):    -0.000ns
  Clock Uncertainty:      0.154ns  ((TSJ^2 + TIJ^2)^1/2 + DJ) / 2 + PE
    Total System Jitter     (TSJ):    0.071ns
    Total Input Jitter      (TIJ):    0.300ns
    Discrete Jitter          (DJ):    0.000ns
    Phase Error              (PE):    0.000ns
  Timing Exception:       False Path

    Location             Delay type                Incr(ns)  Path(ns)    Netlist Resource(s)
  -------------------------------------------------------------------    -------------------
                         (clock clk_fpga_0 rise edge)
                                                      0.000     0.000 r  
    PS7_X0Y0             PS7                          0.000     0.000 r  design_1_i/processing_system7_0/inst/PS7_i/FCLKCLK[0]
                         net (fo=1, routed)           0.310     0.310    design_1_i/processing_system7_0/inst/FCLK_CLK_unbuffered[0]
    BUFGCTRL_X0Y16       BUFG (Prop_bufg_I_O)         0.026     0.336 r  design_1_i/processing_system7_0/inst/buffer_fclk_clk_0.FCLK_CLK_0_BUFG/O
                         net (fo=654, routed)         0.639     0.975    design_1_i/axi_smc/inst/clk_map/psr_aclk/U0/aclk
    SLICE_X38Y101        FDRE                                         r  design_1_i/axi_smc/inst/clk_map/psr_aclk/U0/ACTIVE_LOW_BSR_OUT_DFF[0].FDRE_BSR_N/C
  -------------------------------------------------------------------    -------------------
    SLICE_X38Y101        FDRE (Prop_fdre_C_Q)         0.164     1.139 r  design_1_i/axi_smc/inst/clk_map/psr_aclk/U0/ACTIVE_LOW_BSR_OUT_DFF[0].FDRE_BSR_N/Q
                         net (fo=9, routed)           0.291     1.430    design_1_i/axi_smc/inst/m00_exit_pipeline/m00_exit/inst/xpm_cdc_async_rst_inst/src_arst
    SLICE_X37Y101        LUT1 (Prop_lut1_I0_O)        0.044     1.474 f  design_1_i/axi_smc/inst/m00_exit_pipeline/m00_exit/inst/xpm_cdc_async_rst_inst/arststages_ff[2]_i_1/O
                         net (fo=3, routed)           0.177     1.651    design_1_i/axi_smc/inst/m00_exit_pipeline/m00_exit/inst/xpm_cdc_async_rst_inst/reset_pol
    SLICE_X37Y101        FDCE                                         f  design_1_i/axi_smc/inst/m00_exit_pipeline/m00_exit/inst/xpm_cdc_async_rst_inst/arststages_ff_reg[1]/CLR
  -------------------------------------------------------------------    -------------------

                         (clock clk_fpga_0 rise edge)
                                                      0.000     0.000 r  
    PS7_X0Y0             PS7                          0.000     0.000 r  design_1_i/processing_system7_0/inst/PS7_i/FCLKCLK[0]
                         net (fo=1, routed)           0.337     0.337    design_1_i/processing_system7_0/inst/FCLK_CLK_unbuffered[0]
    BUFGCTRL_X0Y16       BUFG (Prop_bufg_I_O)         0.029     0.366 r  design_1_i/processing_system7_0/inst/buffer_fclk_clk_0.FCLK_CLK_0_BUFG/O
                         net (fo=654, routed)         0.911     1.277    design_1_i/axi_smc/inst/m00_exit_pipeline/m00_exit/inst/xpm_cdc_async_rst_inst/dest_clk
    SLICE_X37Y101        FDCE                                         r  design_1_i/axi_smc/inst/m00_exit_pipeline/m00_exit/inst/xpm_cdc_async_rst_inst/arststages_ff_reg[1]/C

Slack:                    inf
  Source:                 design_1_i/axi_smc/inst/clk_map/psr_aclk/U0/ACTIVE_LOW_BSR_OUT_DFF[0].FDRE_BSR_N/C
                            (rising edge-triggered cell FDRE clocked by clk_fpga_0  {rise@0.000ns fall@5.000ns period=10.000ns})
  Destination:            design_1_i/axi_smc/inst/m00_exit_pipeline/m00_exit/inst/xpm_cdc_async_rst_inst/arststages_ff_reg[2]/CLR
                            (removal check against rising-edge clock clk_fpga_0  {rise@0.000ns fall@5.000ns period=10.000ns})
  Path Group:             (none)
  Path Type:              Removal (Min at Fast Process Corner)
  Data Path Delay:        0.676ns  (logic 0.208ns (30.758%)  route 0.468ns (69.242%))
  Logic Levels:           1  (LUT1=1)
  Clock Path Skew:        0.302ns (DCD - SCD - CPR)
    Destination Clock Delay (DCD):    1.277ns
    Source Clock Delay      (SCD):    0.975ns
    Clock Pessimism Removal (CPR):    -0.000ns
  Clock Uncertainty:      0.154ns  ((TSJ^2 + TIJ^2)^1/2 + DJ) / 2 + PE
    Total System Jitter     (TSJ):    0.071ns
    Total Input Jitter      (TIJ):    0.300ns
    Discrete Jitter          (DJ):    0.000ns
    Phase Error              (PE):    0.000ns
  Timing Exception:       False Path

    Location             Delay type                Incr(ns)  Path(ns)    Netlist Resource(s)
  -------------------------------------------------------------------    -------------------
                         (clock clk_fpga_0 rise edge)
                                                      0.000     0.000 r  
    PS7_X0Y0             PS7                          0.000     0.000 r  design_1_i/processing_system7_0/inst/PS7_i/FCLKCLK[0]
                         net (fo=1, routed)           0.310     0.310    design_1_i/processing_system7_0/inst/FCLK_CLK_unbuffered[0]
    BUFGCTRL_X0Y16       BUFG (Prop_bufg_I_O)         0.026     0.336 r  design_1_i/processing_system7_0/inst/buffer_fclk_clk_0.FCLK_CLK_0_BUFG/O
                         net (fo=654, routed)         0.639     0.975    design_1_i/axi_smc/inst/clk_map/psr_aclk/U0/aclk
    SLICE_X38Y101        FDRE                                         r  design_1_i/axi_smc/inst/clk_map/psr_aclk/U0/ACTIVE_LOW_BSR_OUT_DFF[0].FDRE_BSR_N/C
  -------------------------------------------------------------------    -------------------
    SLICE_X38Y101        FDRE (Prop_fdre_C_Q)         0.164     1.139 r  design_1_i/axi_smc/inst/clk_map/psr_aclk/U0/ACTIVE_LOW_BSR_OUT_DFF[0].FDRE_BSR_N/Q
                         net (fo=9, routed)           0.291     1.430    design_1_i/axi_smc/inst/m00_exit_pipeline/m00_exit/inst/xpm_cdc_async_rst_inst/src_arst
    SLICE_X37Y101        LUT1 (Prop_lut1_I0_O)        0.044     1.474 f  design_1_i/axi_smc/inst/m00_exit_pipeline/m00_exit/inst/xpm_cdc_async_rst_inst/arststages_ff[2]_i_1/O
                         net (fo=3, routed)           0.177     1.651    design_1_i/axi_smc/inst/m00_exit_pipeline/m00_exit/inst/xpm_cdc_async_rst_inst/reset_pol
    SLICE_X37Y101        FDCE                                         f  design_1_i/axi_smc/inst/m00_exit_pipeline/m00_exit/inst/xpm_cdc_async_rst_inst/arststages_ff_reg[2]/CLR
  -------------------------------------------------------------------    -------------------

                         (clock clk_fpga_0 rise edge)
                                                      0.000     0.000 r  
    PS7_X0Y0             PS7                          0.000     0.000 r  design_1_i/processing_system7_0/inst/PS7_i/FCLKCLK[0]
                         net (fo=1, routed)           0.337     0.337    design_1_i/processing_system7_0/inst/FCLK_CLK_unbuffered[0]
    BUFGCTRL_X0Y16       BUFG (Prop_bufg_I_O)         0.029     0.366 r  design_1_i/processing_system7_0/inst/buffer_fclk_clk_0.FCLK_CLK_0_BUFG/O
                         net (fo=654, routed)         0.911     1.277    design_1_i/axi_smc/inst/m00_exit_pipeline/m00_exit/inst/xpm_cdc_async_rst_inst/dest_clk
    SLICE_X37Y101        FDCE                                         r  design_1_i/axi_smc/inst/m00_exit_pipeline/m00_exit/inst/xpm_cdc_async_rst_inst/arststages_ff_reg[2]/C





--------------------------------------------------------------------------------------
Path Group:  (none)
From Clock:  clk_fpga_0
  To Clock:  

Max Delay             4 Endpoints
Min Delay             4 Endpoints
--------------------------------------------------------------------------------------


Max Delay Paths
--------------------------------------------------------------------------------------
Slack:                    inf
  Source:                 design_1_i/axi_gpio_0/U0/gpio_core_1/Dual.gpio_OE_reg[1]/C
                            (rising edge-triggered cell FDSE clocked by clk_fpga_0  {rise@0.000ns fall@5.000ns period=10.000ns})
  Destination:            leds_4bits_tri_io[2]
                            (output port)
  Path Group:             (none)
  Path Type:              Max at Slow Process Corner
  Data Path Delay:        8.104ns  (logic 4.044ns (49.899%)  route 4.060ns (50.101%))
  Logic Levels:           1  (OBUFT=1)
  Clock Uncertainty:      0.152ns  ((TSJ^2 + TIJ^2)^1/2 + DJ) / 2 + PE
    Total System Jitter     (TSJ):    0.050ns
    Total Input Jitter      (TIJ):    0.300ns
    Discrete Jitter          (DJ):    0.000ns
    Phase Error              (PE):    0.000ns

    Location             Delay type                Incr(ns)  Path(ns)    Netlist Resource(s)
  -------------------------------------------------------------------    -------------------
                         (clock clk_fpga_0 rise edge)
                                                      0.000     0.000 r  
    PS7_X0Y0             PS7                          0.000     0.000 r  design_1_i/processing_system7_0/inst/PS7_i/FCLKCLK[0]
                         net (fo=1, routed)           1.193     1.193    design_1_i/processing_system7_0/inst/FCLK_CLK_unbuffered[0]
    BUFGCTRL_X0Y16       BUFG (Prop_bufg_I_O)         0.101     1.294 r  design_1_i/processing_system7_0/inst/buffer_fclk_clk_0.FCLK_CLK_0_BUFG/O
                         net (fo=654, routed)         1.650     2.944    design_1_i/axi_gpio_0/U0/gpio_core_1/s_axi_aclk
    SLICE_X41Y92         FDSE                                         r  design_1_i/axi_gpio_0/U0/gpio_core_1/Dual.gpio_OE_reg[1]/C
  -------------------------------------------------------------------    -------------------
    SLICE_X41Y92         FDSE (Prop_fdse_C_Q)         0.456     3.400 f  design_1_i/axi_gpio_0/U0/gpio_core_1/Dual.gpio_OE_reg[1]/Q
                         net (fo=3, routed)           4.060     7.460    leds_4bits_tri_iobuf_2/T
    N16                  OBUFT (TriStatE_obuft_T_O)
                                                      3.588    11.048 r  leds_4bits_tri_iobuf_2/OBUFT/O
                         net (fo=1, unset)            0.000    11.048    leds_4bits_tri_io[2]
    N16                                                               r  leds_4bits_tri_io[2] (INOUT)
  -------------------------------------------------------------------    -------------------

Slack:                    inf
  Source:                 design_1_i/axi_gpio_0/U0/gpio_core_1/Dual.gpio_Data_Out_reg[0]/C
                            (rising edge-triggered cell FDRE clocked by clk_fpga_0  {rise@0.000ns fall@5.000ns period=10.000ns})
  Destination:            leds_4bits_tri_io[3]
                            (output port)
  Path Group:             (none)
  Path Type:              Max at Slow Process Corner
  Data Path Delay:        7.954ns  (logic 4.037ns (50.754%)  route 3.917ns (49.246%))
  Logic Levels:           1  (OBUFT=1)
  Clock Uncertainty:      0.152ns  ((TSJ^2 + TIJ^2)^1/2 + DJ) / 2 + PE
    Total System Jitter     (TSJ):    0.050ns
    Total Input Jitter      (TIJ):    0.300ns
    Discrete Jitter          (DJ):    0.000ns
    Phase Error              (PE):    0.000ns

    Location             Delay type                Incr(ns)  Path(ns)    Netlist Resource(s)
  -------------------------------------------------------------------    -------------------
                         (clock clk_fpga_0 rise edge)
                                                      0.000     0.000 r  
    PS7_X0Y0             PS7                          0.000     0.000 r  design_1_i/processing_system7_0/inst/PS7_i/FCLKCLK[0]
                         net (fo=1, routed)           1.193     1.193    design_1_i/processing_system7_0/inst/FCLK_CLK_unbuffered[0]
    BUFGCTRL_X0Y16       BUFG (Prop_bufg_I_O)         0.101     1.294 r  design_1_i/processing_system7_0/inst/buffer_fclk_clk_0.FCLK_CLK_0_BUFG/O
                         net (fo=654, routed)         1.650     2.944    design_1_i/axi_gpio_0/U0/gpio_core_1/s_axi_aclk
    SLICE_X40Y92         FDRE                                         r  design_1_i/axi_gpio_0/U0/gpio_core_1/Dual.gpio_Data_Out_reg[0]/C
  -------------------------------------------------------------------    -------------------
    SLICE_X40Y92         FDRE (Prop_fdre_C_Q)         0.456     3.400 r  design_1_i/axi_gpio_0/U0/gpio_core_1/Dual.gpio_Data_Out_reg[0]/Q
                         net (fo=2, routed)           3.917     7.317    leds_4bits_tri_iobuf_3/I
    M14                  OBUFT (Prop_obuft_I_O)       3.581    10.898 r  leds_4bits_tri_iobuf_3/OBUFT/O
                         net (fo=1, unset)            0.000    10.898    leds_4bits_tri_io[3]
    M14                                                               r  leds_4bits_tri_io[3] (INOUT)
  -------------------------------------------------------------------    -------------------

Slack:                    inf
  Source:                 design_1_i/axi_gpio_0/U0/gpio_core_1/Dual.gpio_Data_Out_reg[2]/C
                            (rising edge-triggered cell FDRE clocked by clk_fpga_0  {rise@0.000ns fall@5.000ns period=10.000ns})
  Destination:            leds_4bits_tri_io[1]
                            (output port)
  Path Group:             (none)
  Path Type:              Max at Slow Process Corner
  Data Path Delay:        7.726ns  (logic 4.013ns (51.943%)  route 3.713ns (48.057%))
  Logic Levels:           1  (OBUFT=1)
  Clock Uncertainty:      0.152ns  ((TSJ^2 + TIJ^2)^1/2 + DJ) / 2 + PE
    Total System Jitter     (TSJ):    0.050ns
    Total Input Jitter      (TIJ):    0.300ns
    Discrete Jitter          (DJ):    0.000ns
    Phase Error              (PE):    0.000ns

    Location             Delay type                Incr(ns)  Path(ns)    Netlist Resource(s)
  -------------------------------------------------------------------    -------------------
                         (clock clk_fpga_0 rise edge)
                                                      0.000     0.000 r  
    PS7_X0Y0             PS7                          0.000     0.000 r  design_1_i/processing_system7_0/inst/PS7_i/FCLKCLK[0]
                         net (fo=1, routed)           1.193     1.193    design_1_i/processing_system7_0/inst/FCLK_CLK_unbuffered[0]
    BUFGCTRL_X0Y16       BUFG (Prop_bufg_I_O)         0.101     1.294 r  design_1_i/processing_system7_0/inst/buffer_fclk_clk_0.FCLK_CLK_0_BUFG/O
                         net (fo=654, routed)         1.650     2.944    design_1_i/axi_gpio_0/U0/gpio_core_1/s_axi_aclk
    SLICE_X40Y92         FDRE                                         r  design_1_i/axi_gpio_0/U0/gpio_core_1/Dual.gpio_Data_Out_reg[2]/C
  -------------------------------------------------------------------    -------------------
    SLICE_X40Y92         FDRE (Prop_fdre_C_Q)         0.456     3.400 r  design_1_i/axi_gpio_0/U0/gpio_core_1/Dual.gpio_Data_Out_reg[2]/Q
                         net (fo=2, routed)           3.713     7.113    leds_4bits_tri_iobuf_1/I
    P14                  OBUFT (Prop_obuft_I_O)       3.557    10.670 r  leds_4bits_tri_iobuf_1/OBUFT/O
                         net (fo=1, unset)            0.000    10.670    leds_4bits_tri_io[1]
    P14                                                               r  leds_4bits_tri_io[1] (INOUT)
  -------------------------------------------------------------------    -------------------

Slack:                    inf
  Source:                 design_1_i/axi_gpio_0/U0/gpio_core_1/Dual.gpio_Data_Out_reg[3]/C
                            (rising edge-triggered cell FDRE clocked by clk_fpga_0  {rise@0.000ns fall@5.000ns period=10.000ns})
  Destination:            leds_4bits_tri_io[0]
                            (output port)
  Path Group:             (none)
  Path Type:              Max at Slow Process Corner
  Data Path Delay:        7.370ns  (logic 3.986ns (54.083%)  route 3.384ns (45.917%))
  Logic Levels:           1  (OBUFT=1)
  Clock Uncertainty:      0.152ns  ((TSJ^2 + TIJ^2)^1/2 + DJ) / 2 + PE
    Total System Jitter     (TSJ):    0.050ns
    Total Input Jitter      (TIJ):    0.300ns
    Discrete Jitter          (DJ):    0.000ns
    Phase Error              (PE):    0.000ns

    Location             Delay type                Incr(ns)  Path(ns)    Netlist Resource(s)
  -------------------------------------------------------------------    -------------------
                         (clock clk_fpga_0 rise edge)
                                                      0.000     0.000 r  
    PS7_X0Y0             PS7                          0.000     0.000 r  design_1_i/processing_system7_0/inst/PS7_i/FCLKCLK[0]
                         net (fo=1, routed)           1.193     1.193    design_1_i/processing_system7_0/inst/FCLK_CLK_unbuffered[0]
    BUFGCTRL_X0Y16       BUFG (Prop_bufg_I_O)         0.101     1.294 r  design_1_i/processing_system7_0/inst/buffer_fclk_clk_0.FCLK_CLK_0_BUFG/O
                         net (fo=654, routed)         1.650     2.944    design_1_i/axi_gpio_0/U0/gpio_core_1/s_axi_aclk
    SLICE_X40Y92         FDRE                                         r  design_1_i/axi_gpio_0/U0/gpio_core_1/Dual.gpio_Data_Out_reg[3]/C
  -------------------------------------------------------------------    -------------------
    SLICE_X40Y92         FDRE (Prop_fdre_C_Q)         0.456     3.400 r  design_1_i/axi_gpio_0/U0/gpio_core_1/Dual.gpio_Data_Out_reg[3]/Q
                         net (fo=2, routed)           3.384     6.784    leds_4bits_tri_iobuf_0/I
    R14                  OBUFT (Prop_obuft_I_O)       3.530    10.314 r  leds_4bits_tri_iobuf_0/OBUFT/O
                         net (fo=1, unset)            0.000    10.314    leds_4bits_tri_io[0]
    R14                                                               r  leds_4bits_tri_io[0] (INOUT)
  -------------------------------------------------------------------    -------------------





Min Delay Paths
--------------------------------------------------------------------------------------
Slack:                    inf
  Source:                 design_1_i/axi_gpio_0/U0/gpio_core_1/Dual.gpio_OE_reg[3]/C
                            (rising edge-triggered cell FDSE clocked by clk_fpga_0  {rise@0.000ns fall@5.000ns period=10.000ns})
  Destination:            leds_4bits_tri_io[0]
                            (output port)
  Path Group:             (none)
  Path Type:              Min at Fast Process Corner
  Data Path Delay:        2.272ns  (logic 0.965ns (42.471%)  route 1.307ns (57.529%))
  Logic Levels:           1  (OBUFT=1)
  Clock Uncertainty:      0.152ns  ((TSJ^2 + TIJ^2)^1/2 + DJ) / 2 + PE
    Total System Jitter     (TSJ):    0.050ns
    Total Input Jitter      (TIJ):    0.300ns
    Discrete Jitter          (DJ):    0.000ns
    Phase Error              (PE):    0.000ns

    Location             Delay type                Incr(ns)  Path(ns)    Netlist Resource(s)
  -------------------------------------------------------------------    -------------------
                         (clock clk_fpga_0 rise edge)
                                                      0.000     0.000 r  
    PS7_X0Y0             PS7                          0.000     0.000 r  design_1_i/processing_system7_0/inst/PS7_i/FCLKCLK[0]
                         net (fo=1, routed)           0.310     0.310    design_1_i/processing_system7_0/inst/FCLK_CLK_unbuffered[0]
    BUFGCTRL_X0Y16       BUFG (Prop_bufg_I_O)         0.026     0.336 r  design_1_i/processing_system7_0/inst/buffer_fclk_clk_0.FCLK_CLK_0_BUFG/O
                         net (fo=654, routed)         0.555     0.891    design_1_i/axi_gpio_0/U0/gpio_core_1/s_axi_aclk
    SLICE_X41Y92         FDSE                                         r  design_1_i/axi_gpio_0/U0/gpio_core_1/Dual.gpio_OE_reg[3]/C
  -------------------------------------------------------------------    -------------------
    SLICE_X41Y92         FDSE (Prop_fdse_C_Q)         0.141     1.032 r  design_1_i/axi_gpio_0/U0/gpio_core_1/Dual.gpio_OE_reg[3]/Q
                         net (fo=3, routed)           1.307     2.339    leds_4bits_tri_iobuf_0/T
    R14                  OBUFT (TriStatD_obuft_T_O)
                                                      0.824     3.163 r  leds_4bits_tri_iobuf_0/OBUFT/O
                         net (fo=1, unset)            0.000     3.163    leds_4bits_tri_io[0]
    R14                                                               r  leds_4bits_tri_io[0] (INOUT)
  -------------------------------------------------------------------    -------------------

Slack:                    inf
  Source:                 design_1_i/axi_gpio_0/U0/gpio_core_1/Dual.gpio_OE_reg[2]/C
                            (rising edge-triggered cell FDSE clocked by clk_fpga_0  {rise@0.000ns fall@5.000ns period=10.000ns})
  Destination:            leds_4bits_tri_io[1]
                            (output port)
  Path Group:             (none)
  Path Type:              Min at Fast Process Corner
  Data Path Delay:        2.298ns  (logic 0.965ns (42.002%)  route 1.333ns (57.998%))
  Logic Levels:           1  (OBUFT=1)
  Clock Uncertainty:      0.152ns  ((TSJ^2 + TIJ^2)^1/2 + DJ) / 2 + PE
    Total System Jitter     (TSJ):    0.050ns
    Total Input Jitter      (TIJ):    0.300ns
    Discrete Jitter          (DJ):    0.000ns
    Phase Error              (PE):    0.000ns

    Location             Delay type                Incr(ns)  Path(ns)    Netlist Resource(s)
  -------------------------------------------------------------------    -------------------
                         (clock clk_fpga_0 rise edge)
                                                      0.000     0.000 r  
    PS7_X0Y0             PS7                          0.000     0.000 r  design_1_i/processing_system7_0/inst/PS7_i/FCLKCLK[0]
                         net (fo=1, routed)           0.310     0.310    design_1_i/processing_system7_0/inst/FCLK_CLK_unbuffered[0]
    BUFGCTRL_X0Y16       BUFG (Prop_bufg_I_O)         0.026     0.336 r  design_1_i/processing_system7_0/inst/buffer_fclk_clk_0.FCLK_CLK_0_BUFG/O
                         net (fo=654, routed)         0.555     0.891    design_1_i/axi_gpio_0/U0/gpio_core_1/s_axi_aclk
    SLICE_X41Y92         FDSE                                         r  design_1_i/axi_gpio_0/U0/gpio_core_1/Dual.gpio_OE_reg[2]/C
  -------------------------------------------------------------------    -------------------
    SLICE_X41Y92         FDSE (Prop_fdse_C_Q)         0.141     1.032 r  design_1_i/axi_gpio_0/U0/gpio_core_1/Dual.gpio_OE_reg[2]/Q
                         net (fo=3, routed)           1.333     2.364    leds_4bits_tri_iobuf_1/T
    P14                  OBUFT (TriStatD_obuft_T_O)
                                                      0.824     3.188 r  leds_4bits_tri_iobuf_1/OBUFT/O
                         net (fo=1, unset)            0.000     3.188    leds_4bits_tri_io[1]
    P14                                                               r  leds_4bits_tri_io[1] (INOUT)
  -------------------------------------------------------------------    -------------------

Slack:                    inf
  Source:                 design_1_i/axi_gpio_0/U0/gpio_core_1/Dual.gpio_OE_reg[0]/C
                            (rising edge-triggered cell FDSE clocked by clk_fpga_0  {rise@0.000ns fall@5.000ns period=10.000ns})
  Destination:            leds_4bits_tri_io[3]
                            (output port)
  Path Group:             (none)
  Path Type:              Min at Fast Process Corner
  Data Path Delay:        2.627ns  (logic 0.965ns (36.740%)  route 1.662ns (63.260%))
  Logic Levels:           1  (OBUFT=1)
  Clock Uncertainty:      0.152ns  ((TSJ^2 + TIJ^2)^1/2 + DJ) / 2 + PE
    Total System Jitter     (TSJ):    0.050ns
    Total Input Jitter      (TIJ):    0.300ns
    Discrete Jitter          (DJ):    0.000ns
    Phase Error              (PE):    0.000ns

    Location             Delay type                Incr(ns)  Path(ns)    Netlist Resource(s)
  -------------------------------------------------------------------    -------------------
                         (clock clk_fpga_0 rise edge)
                                                      0.000     0.000 r  
    PS7_X0Y0             PS7                          0.000     0.000 r  design_1_i/processing_system7_0/inst/PS7_i/FCLKCLK[0]
                         net (fo=1, routed)           0.310     0.310    design_1_i/processing_system7_0/inst/FCLK_CLK_unbuffered[0]
    BUFGCTRL_X0Y16       BUFG (Prop_bufg_I_O)         0.026     0.336 r  design_1_i/processing_system7_0/inst/buffer_fclk_clk_0.FCLK_CLK_0_BUFG/O
                         net (fo=654, routed)         0.555     0.891    design_1_i/axi_gpio_0/U0/gpio_core_1/s_axi_aclk
    SLICE_X41Y92         FDSE                                         r  design_1_i/axi_gpio_0/U0/gpio_core_1/Dual.gpio_OE_reg[0]/C
  -------------------------------------------------------------------    -------------------
    SLICE_X41Y92         FDSE (Prop_fdse_C_Q)         0.141     1.032 r  design_1_i/axi_gpio_0/U0/gpio_core_1/Dual.gpio_OE_reg[0]/Q
                         net (fo=3, routed)           1.662     2.693    leds_4bits_tri_iobuf_3/T
    M14                  OBUFT (TriStatD_obuft_T_O)
                                                      0.824     3.517 r  leds_4bits_tri_iobuf_3/OBUFT/O
                         net (fo=1, unset)            0.000     3.517    leds_4bits_tri_io[3]
    M14                                                               r  leds_4bits_tri_io[3] (INOUT)
  -------------------------------------------------------------------    -------------------

Slack:                    inf
  Source:                 design_1_i/axi_gpio_0/U0/gpio_core_1/Dual.gpio_OE_reg[1]/C
                            (rising edge-triggered cell FDSE clocked by clk_fpga_0  {rise@0.000ns fall@5.000ns period=10.000ns})
  Destination:            leds_4bits_tri_io[2]
                            (output port)
  Path Group:             (none)
  Path Type:              Min at Fast Process Corner
  Data Path Delay:        2.695ns  (logic 0.965ns (35.805%)  route 1.730ns (64.195%))
  Logic Levels:           1  (OBUFT=1)
  Clock Uncertainty:      0.152ns  ((TSJ^2 + TIJ^2)^1/2 + DJ) / 2 + PE
    Total System Jitter     (TSJ):    0.050ns
    Total Input Jitter      (TIJ):    0.300ns
    Discrete Jitter          (DJ):    0.000ns
    Phase Error              (PE):    0.000ns

    Location             Delay type                Incr(ns)  Path(ns)    Netlist Resource(s)
  -------------------------------------------------------------------    -------------------
                         (clock clk_fpga_0 rise edge)
                                                      0.000     0.000 r  
    PS7_X0Y0             PS7                          0.000     0.000 r  design_1_i/processing_system7_0/inst/PS7_i/FCLKCLK[0]
                         net (fo=1, routed)           0.310     0.310    design_1_i/processing_system7_0/inst/FCLK_CLK_unbuffered[0]
    BUFGCTRL_X0Y16       BUFG (Prop_bufg_I_O)         0.026     0.336 r  design_1_i/processing_system7_0/inst/buffer_fclk_clk_0.FCLK_CLK_0_BUFG/O
                         net (fo=654, routed)         0.555     0.891    design_1_i/axi_gpio_0/U0/gpio_core_1/s_axi_aclk
    SLICE_X41Y92         FDSE                                         r  design_1_i/axi_gpio_0/U0/gpio_core_1/Dual.gpio_OE_reg[1]/C
  -------------------------------------------------------------------    -------------------
    SLICE_X41Y92         FDSE (Prop_fdse_C_Q)         0.141     1.032 r  design_1_i/axi_gpio_0/U0/gpio_core_1/Dual.gpio_OE_reg[1]/Q
                         net (fo=3, routed)           1.730     2.762    leds_4bits_tri_iobuf_2/T
    N16                  OBUFT (TriStatD_obuft_T_O)
                                                      0.824     3.586 r  leds_4bits_tri_iobuf_2/OBUFT/O
                         net (fo=1, unset)            0.000     3.586    leds_4bits_tri_io[2]
    N16                                                               r  leds_4bits_tri_io[2] (INOUT)
  -------------------------------------------------------------------    -------------------





